Timestamp,Płeć ,Wiek,Kierunek studiów,Rok studiów,Jak często uprawiasz aktywność fizyczną?,Czy aktualnie stosujesz suplementy diety?  ,Jak często stosujesz suplementy?,Od jak dawna stosujesz suplementy?,Jakie suplementy stosujesz? (możesz wybrać więcej odpowiedzi),Czy zdarza Ci się przyjmować większą dawkę suplementu niż ta zalecana przez producenta na opakowaniu (np. dwie tabletki zamiast jednej)?  ,"Jeśli stosujesz więcej niż jeden preparat jednocześnie, czy sprawdzasz, czy ich składniki się nie powielają (np. czy witamina D nie znajduje się zarówno w multiwitaminie, jak i w osobnym preparacie)?  ","Czy decyzję o suplementacji konkretnego składnika (np. żelaza, witaminy D, magnezu) poprzedziłeś/aś wykonaniem badań krwi w celu stwierdzenia niedoboru?  ",Czy konsultujesz suplementację ze specjalistą?  ,Dlaczego stosujesz suplementy? (możesz wybrać więcej odpowiedzi),Skąd czerpiesz informacje o suplementach?,"Jak oceniasz swoją ogólną wiedzę o suplementach diety? Skala 1–5 (1 – bardzo niska, 5 – bardzo wysoka)",Jak oceniasz swoją wiedzę na temat bezpieczeństwa suplementacji? Skala 1–5,Jak oceniasz swoją wiedzę na temat interakcji suplementów z lekami?,Suplement diety to:,Czy suplementy muszą przechodzić badania kliniczne przed wprowadzeniem na rynek?,Nadmierne spożycie witaminy D może prowadzić do:,Kto odpowiada za bezpieczeństwo suplementów diety?,Czy suplementy mogą wchodzić w interakcje z lekami?,Czy suplementy mogą zawierać składniki w ilościach przekraczających zapotrzebowanie?,W jakiej formie najchętniej zdobywał(a)byś rzetelną wiedzę o suplementach?  ,Które źródło uznał(a)byś za najbardziej wiarygodne?,Co mogłoby zachęcić Cię do zdobywania wiedzy o suplementach?
2026/04/30 09:15:00 AM EET,Kobieta,23–25,Administracja ,I,Rzadziej niż raz w tygodniu,Nie,Codziennie,< 3 miesięcy,Witamina D;Witamina C,Nigdy – stosuję się ściśle do zaleceń.,Czasami zwracam na to uwagę,"Tak, każdą suplementację konsultuję z wynikami badań","Nie, nie konsultuję","Poprawa zdrowia;Zapobieganie niedoborom;Wzmocnienie odporności;Poprawa wyglądu (skóra, włosy, paznokcie);Zwiększenie energii;Poprawa koncentracji;Poprawa samopoczucia","Internet (artykuły, blogi);Lekarz;Dietetyk",4,5,2,Środek spożywczy uzupełniający dietę,Tak,Uszkodzenia nerek,Sanepid bada każdy produkt przed sprzedażą,Tak,Tak,Krótkie filmy edukacyjne;Infografiki;Posty na Instagramie/TikToku,Lekarz,posty na ig
2026/04/29 05:19:05 PM EET,Kobieta,23–25,Behawiorystyka i psychologia zwierząt ,I,3–4 razy w tygodniu,Tak,Codziennie,1–3 lata,Witamina D;Magnez;Witamina C;Kreatyna;Białko,"Często – uważam, że standardowe dawki są zbyt niskie.","Tak, zawsze analizuję składy pod kątem powtarzających się substancji.",Zrobiłem/am badania tylko w przypadku niektórych preparatów.,"Nie, nie konsultuję","Poprawa zdrowia;Zapobieganie niedoborom;Wzmocnienie odporności;Poprawa wyglądu (skóra, włosy, paznokcie);Zwiększenie energii;Poprawa koncentracji;Poprawa samopoczucia","Internet (artykuły, blogi);Znajomi/rodzina",4,4,4,Środek spożywczy uzupełniający dietę,Nie,Uszkodzenia nerek,Nie wiem,Tak,Tak,Podcasty;Posty na Instagramie/TikToku,Naukowe portale internetowe,Rzetelność informacji 
2026/03/21 01:58:35 PM EET,Kobieta,>25,Bezpieczeństwo wewnętrzne ,Studia magisterskie uzupełniające,3–4 razy w tygodniu,Nie,Sporadycznie,< 3 miesięcy,Witamina D,Nigdy – stosuję się ściśle do zaleceń.,Stosuję tylko jeden preparat.,"Tak, każdą suplementację konsultuję z wynikami badań","Nie, nie konsultuję",Zapobieganie niedoborom;Wzmocnienie odporności,"Internet (artykuły, blogi);Lekarz",3,3,3,Środek spożywczy uzupełniający dietę,Nie,Uszkodzenia nerek,Producent,Tak,Tak,Krótkie filmy edukacyjne;Posty na Instagramie/TikToku,Lekarz,Nie wiem 
2026/04/12 5:02:02 pm EET,Mężczyzna,20–22,Business,III,Rzadziej niż raz w tygodniu,Tak,Kilka razy w tygodniu,3–12 miesięcy,Witamina D;Magnez;Multiwitaminy,Nigdy – stosuję się ściśle do zaleceń.,"Nie, nie sprawdzam tego.","Nie, stosuję suplementy bez wykonywania wcześniejszych badań.","Nie, nie konsultuję",Wzmocnienie odporności;Poprawa samopoczucia,Reklamy;Znajomi/rodzina,2,1,1,Środek spożywczy uzupełniający dietę,Nie wiem,Nie wiem,Ministerstwo Zdrowia,Tak,Tak,Konsultacje z farmaceutą,Dietetyk,więcej informacji
2026/04/27 12:25:18 PM EET,Kobieta,>25,Business,IV,Rzadziej niż raz w tygodniu,Tak,Kilka razy w tygodniu,< 3 miesięcy,Witamina D;Witamina C;Multiwitaminy,"Sporadycznie (np. gdy czuję, że „bierze mnie przeziębienie”).",Czasami zwracam na to uwagę,Zrobiłem/am badania tylko w przypadku niektórych preparatów.,"Tak, z dietetykiem",Poprawa zdrowia;Zapobieganie niedoborom;Wzmocnienie odporności,Media społecznościowe;Dietetyk;Farmaceuta,3,2,2,Środek spożywczy uzupełniający dietę,Tak,Uszkodzenia nerek,Ministerstwo Zdrowia,Nie,Tak,Podcasty;Warsztaty na uczelni;Konsultacje z farmaceutą,Dietetyk,Więcej warsztatów na ten temat
2026/04/20 11:01:32 AM EET,Kobieta,20–22,Dietetyka,II,1–2 razy w tygodniu,Tak,Kilka razy w tygodniu,1–3 lata,Multiwitaminy;Kwasy omega-3;Probiotyki,Nigdy – stosuję się ściśle do zaleceń.,"Tak, zawsze analizuję składy pod kątem powtarzających się substancji.","Suplementy dobieram na podstawie własnych obserwacji (np. gorsze samopoczucie, wypadanie włosów).","Tak, z dietetykiem",Wzmocnienie odporności;Zwiększenie energii;Poprawa koncentracji,Dietetyk;Znajomi/rodzina,4,4,4,Środek spożywczy uzupełniający dietę,Nie,Uszkodzenia nerek,Producent,Tak,Tak,Krótkie filmy edukacyjne;Infografiki;Warsztaty na uczelni;Artykuły popularnonaukowe,Instytucje zdrowia publicznego,aby dać mi więcej motywacji i bardziej świadomy sposób rozumienia suplementów
2026/05/12 05:05:53 PM EET,Kobieta,20–22,Dietetyka,II,3–4 razy w tygodniu,Tak,Codziennie,>3 lat,Witamina D;Multiwitaminy;Kwasy omega-3;Probiotyki;żelazo,Nigdy – stosuję się ściśle do zaleceń.,"Tak, zawsze analizuję składy pod kątem powtarzających się substancji.",Zrobiłem/am badania tylko w przypadku niektórych preparatów.,"Tak, z lekarzem","Poprawa zdrowia;Zapobieganie niedoborom;Wzmocnienie odporności;Poprawa wyglądu (skóra, włosy, paznokcie);Zwiększenie energii;Poprawa koncentracji;Poprawa samopoczucia","Internet (artykuły, blogi);Lekarz;Dietetyk;Znajomi/rodzina",4,4,4,Środek spożywczy uzupełniający dietę,Nie,Uszkodzenia nerek,Producent,Tak,Tak,Warsztaty na uczelni;Konsultacje z farmaceutą,Instytucje zdrowia publicznego,Już teraz jestem zachęcony do dowiedzenia się więcej o suplementach
2026/03/16 10:29:54 pm EET,Kobieta,>25,Dietetyka,Studia magisterskie uzupełniające,Rzadziej niż raz w tygodniu,Tak,Codziennie,< 3 miesięcy,Witamina D;Kwasy omega-3;Probiotyki;Białko;Adaptogeny (np. ashwagandha),Nigdy – stosuję się ściśle do zaleceń.,"Tak, zawsze analizuję składy pod kątem powtarzających się substancji.","Tak, każdą suplementację konsultuję z wynikami badań","Nie, nie konsultuję",Poprawa zdrowia;Zapobieganie niedoborom;Poprawa samopoczucia,"Internet (artykuły, blogi);Lekarz;Dietetyk;książki",4,4,4,Środek spożywczy uzupełniający dietę,Nie,Uszkodzenia nerek,Producent,Tak,Nie wiem,Krótkie filmy edukacyjne;Infografiki;Podcasty;Warsztaty na uczelni;Konsultacje z farmaceutą;Posty na Instagramie/TikToku;Artykuły popularnonaukowe,Instytucje zdrowia publicznego,ciekawość
2026/03/16 6:53:00 pm EET,Kobieta,>25,Dietetyka,Studia magisterskie uzupełniające,1–2 razy w tygodniu,Tak,Kilka razy w miesiącu,>3 lat,Witamina D,Nigdy – stosuję się ściśle do zaleceń.,"Tak, zawsze analizuję składy pod kątem powtarzających się substancji.","Nie, stosuję suplementy bez wykonywania wcześniejszych badań.","Tak, z lekarzem",Poprawa zdrowia;Zapobieganie niedoborom;Wzmocnienie odporności;Zwiększenie energii,"Internet (artykuły, blogi);Lekarz",5,5,5,Preparat o udowodnionym działaniu terapeutycznym,Nie,Uszkodzenia nerek,Producent,Tak,Tak,Infografiki;Warsztaty na uczelni,Naukowe portale internetowe,Nie wiem
2026/03/16 6:55:55 pm EET,Kobieta,>25,Dietetyka,Studia magisterskie uzupełniające,3–4 razy w tygodniu,Tak,Codziennie,>3 lat,Witamina D;Kwasy omega-3;Kreatyna;Białko;Kolagen,"Sporadycznie (np. gdy czuję, że „bierze mnie przeziębienie”).","Tak, zawsze analizuję składy pod kątem powtarzających się substancji.","Tak, każdą suplementację konsultuję z wynikami badań","Nie, nie konsultuję","Poprawa zdrowia;Zapobieganie niedoborom;Wzmocnienie odporności;Poprawa wyglądu (skóra, włosy, paznokcie);Zwiększenie energii;Poprawa koncentracji;Poprawa samopoczucia","Internet (artykuły, blogi);Media społecznościowe",5,5,5,Środek spożywczy uzupełniający dietę,Nie,Uszkodzenia nerek,Producent,Tak,Tak,"Podcasty;Warsztaty na uczelni;Artykuły popularnonaukowe;specjalistyczne szkolenia, webinary edukacyjne",Naukowe portale internetowe,"nie potrzebuję zachęty, wiem jak ważna jest rzetelna wiedza na temat suplementów i staram się ją ciągle poszerzać. "
2026/03/17 1:35:20 pm EET,Mężczyzna,>25,Dietetyka,Studia magisterskie uzupełniające,5 lub więcej razy w tygodniu,Tak,Codziennie,>3 lat,Witamina D;Magnez;Kreatyna,Nigdy – stosuję się ściśle do zaleceń.,"Tak, zawsze analizuję składy pod kątem powtarzających się substancji.","Suplementy dobieram na podstawie własnych obserwacji (np. gorsze samopoczucie, wypadanie włosów).","Nie, nie konsultuję",Zapobieganie niedoborom;Zwiększenie energii,Dietetyk,4,4,4,Środek spożywczy uzupełniający dietę,Nie,Uszkodzenia nerek,Producent,Tak,Tak,Artykuły popularnonaukowe,Instytucje zdrowia publicznego,Konsekwencje zdrowotne przy niestosowaniu się do zaleceń 
2026/03/17 5:36:22 pm EET,Kobieta,>25,Dietetyka,Studia magisterskie uzupełniające,Rzadziej niż raz w tygodniu,Tak,Kilka razy w tygodniu,1–3 lata,Witamina D;Magnez;Kwasy omega-3,"Sporadycznie (np. gdy czuję, że „bierze mnie przeziębienie”).","Tak, zawsze analizuję składy pod kątem powtarzających się substancji.","Tak, każdą suplementację konsultuję z wynikami badań","Nie, nie konsultuję",Poprawa zdrowia;Zapobieganie niedoborom;Wzmocnienie odporności,Lekarz;Dietetyk;Badania naukowe,4,3,3,Środek spożywczy uzupełniający dietę,Nie,Uszkodzenia nerek,Producent,Tak,Tak,Artykuły popularnonaukowe,Naukowe portale internetowe,Czas
2026/03/17 7:24:08 pm EET,Kobieta,>25,Dietetyka,Studia magisterskie uzupełniające,Rzadziej niż raz w tygodniu,Tak,Kilka razy w tygodniu,1–3 lata,Witamina D;Magnez;Kwasy omega-3,"Sporadycznie (np. gdy czuję, że „bierze mnie przeziębienie”).","Tak, zawsze analizuję składy pod kątem powtarzających się substancji.","Tak, każdą suplementację konsultuję z wynikami badań","Nie, nie konsultuję",Poprawa zdrowia;Zapobieganie niedoborom;Wzmocnienie odporności,"Internet (artykuły, blogi);Dietetyk;Badania naukowe ",3,2,3,Środek spożywczy uzupełniający dietę,Nie,Uszkodzenia nerek,Producent,Tak,Tak,Krótkie filmy edukacyjne;Warsztaty na uczelni,Badania naukowe,Więcej czasu 
2026/03/18 11:49:27 AM EET,Kobieta,>25,Dietetyka,V,1–2 razy w tygodniu,Tak,Codziennie,>3 lat,Witamina D;Magnez;Witamina C;Multiwitaminy;Kwasy omega-3;Probiotyki;Białko,"Sporadycznie (np. gdy czuję, że „bierze mnie przeziębienie”).","Tak, zawsze analizuję składy pod kątem powtarzających się substancji.","Tak, każdą suplementację konsultuję z wynikami badań","Tak, z dietetykiem","Poprawa zdrowia;Zapobieganie niedoborom;Wzmocnienie odporności;Poprawa wyglądu (skóra, włosy, paznokcie);Zwiększenie energii;Poprawa koncentracji;Poprawa samopoczucia","Internet (artykuły, blogi);Media społecznościowe;Dietetyk",5,5,5,Środek spożywczy uzupełniający dietę,Nie,Uszkodzenia nerek,Producent,Tak,Tak,Krótkie filmy edukacyjne;Podcasty;Warsztaty na uczelni;Artykuły popularnonaukowe,Dietetyk,naukowe dowody na ich skuteczność
2026/04/01 9:09:15 pm EET,Kobieta,23–25,Dietetyka,V,3–4 razy w tygodniu,Tak,Codziennie,>3 lat,Witamina D;Multiwitaminy;Kwasy omega-3;Probiotyki;Białko,"Sporadycznie (np. gdy czuję, że „bierze mnie przeziębienie”).","Tak, zawsze analizuję składy pod kątem powtarzających się substancji.",Zrobiłem/am badania tylko w przypadku niektórych preparatów.,"Tak, z dietetykiem","Poprawa zdrowia;Zapobieganie niedoborom;Wzmocnienie odporności;Poprawa wyglądu (skóra, włosy, paznokcie);Zwiększenie energii;Poprawa koncentracji;Poprawa samopoczucia","Internet (artykuły, blogi);Dietetyk",4,3,3,Środek spożywczy uzupełniający dietę,Nie,Uszkodzenia nerek,Ministerstwo Zdrowia,Tak,Tak,Krótkie filmy edukacyjne;Infografiki;Konsultacje z farmaceutą,Dietetyk,Bardziej atrakcyjne i zachęcające metody zdobywania wiedzy 
2026/04/12 5:17:05 pm EET,Kobieta,< 20,Dietetyka,II,5 lub więcej razy w tygodniu,Tak,Codziennie,>3 lat,Witamina D;Magnez;Witamina C;Kwasy omega-3;Probiotyki;Białko,Nigdy – stosuję się ściśle do zaleceń.,"Tak, zawsze analizuję składy pod kątem powtarzających się substancji.","Tak, każdą suplementację konsultuję z wynikami badań","Tak, z dietetykiem","Poprawa zdrowia;Zapobieganie niedoborom;Wzmocnienie odporności;Poprawa wyglądu (skóra, włosy, paznokcie);Zwiększenie energii;Poprawa koncentracji;Poprawa samopoczucia",Dietetyk;Farmaceuta;Znajomi/rodzina,4,5,4,Środek spożywczy uzupełniający dietę,Tak,Uszkodzenia nerek,Sanepid bada każdy produkt przed sprzedażą,Tak,Tak,Warsztaty na uczelni;Konsultacje z farmaceutą;Posty na Instagramie/TikToku;Artykuły popularnonaukowe,Instytucje zdrowia publicznego,"Edukacja o tym, jak sprawdzać suplementy w rejestrach"
2026/04/13 11:13:51 am EET,Kobieta,>25,Dietetyka,V,1–2 razy w tygodniu,Tak,Kilka razy w miesiącu,< 3 miesięcy,Witamina D;Magnez;Kwasy omega-3;Białko,"Często – uważam, że standardowe dawki są zbyt niskie.","Tak, zawsze analizuję składy pod kątem powtarzających się substancji.","Tak, każdą suplementację konsultuję z wynikami badań","Tak, z dietetykiem","Zapobieganie niedoborom;Wzmocnienie odporności;Poprawa wyglądu (skóra, włosy, paznokcie);Zwiększenie energii",Dietetyk,4,4,4,Środek spożywczy uzupełniający dietę,Nie,Uszkodzenia nerek,Producent,Tak,Tak,Infografiki;Podcasty,Dietetyk,Jestem zachęcona
2026/04/13 11:52:07 am EET,Kobieta,23–25,Dietetyka,Studia magisterskie uzupełniające,3–4 razy w tygodniu,Tak,Codziennie,1–3 lata,Witamina D;Kwasy omega-3;Probiotyki,Nigdy – stosuję się ściśle do zaleceń.,"Tak, zawsze analizuję składy pod kątem powtarzających się substancji.","Tak, każdą suplementację konsultuję z wynikami badań","Tak, z lekarzem","Poprawa zdrowia, zlecone przez lekarza","Internet (artykuły, blogi);Lekarz;Dietetyk;Znajomi/rodzina",4,5,5,Preparat o udowodnionym działaniu terapeutycznym,Nie,Uszkodzenia nerek,Producent,Tak,Tak,Infografiki;Konsultacje z farmaceutą,Lekarz,Szybki dostęp do informacji
2026/04/25 03:41:45 PM EET,Kobieta,23–25,Dietetyka,V,5 lub więcej razy w tygodniu,Tak,Codziennie,>3 lat,Witamina D;Magnez;Multiwitaminy;Kwasy omega-3;Probiotyki,Nigdy – stosuję się ściśle do zaleceń.,"Tak, zawsze analizuję składy pod kątem powtarzających się substancji.",Zrobiłem/am badania tylko w przypadku niektórych preparatów.,"Tak, z dietetykiem","Poprawa zdrowia;Zapobieganie niedoborom;Wzmocnienie odporności;Poprawa wyglądu (skóra, włosy, paznokcie);Zwiększenie energii;Poprawa koncentracji;Poprawa samopoczucia","Internet (artykuły, blogi);Dietetyk;Znajomi/rodzina",5,5,5,Środek spożywczy uzupełniający dietę,Nie,Uszkodzenia nerek,Producent,Tak,Tak,Krótkie filmy edukacyjne;Warsztaty na uczelni;Konsultacje z farmaceutą,Dietetyk,poprawić mój ogólny stan zdrowia
2026/04/26 10:17:01 AM EET,Kobieta,< 20,Dietetyka,I,1–2 razy w tygodniu,Tak,Codziennie,3–12 miesięcy,Multiwitaminy;Kwasy omega-3;Probiotyki,"Sporadycznie (np. gdy czuję, że „bierze mnie przeziębienie”).",Stosuję tylko jeden preparat.,"Nie, stosuję suplementy bez wykonywania wcześniejszych badań.","Nie, nie konsultuję",Poprawa zdrowia;Wzmocnienie odporności,"Internet (artykuły, blogi);Reklamy;Dietetyk",2,3,4,Środek spożywczy uzupełniający dietę,Nie,Uszkodzenia nerek,Producent,Tak,Tak,Krótkie filmy edukacyjne;Warsztaty na uczelni;Artykuły popularnonaukowe,Dietetyk,"moje studia dietetyczne są ważnym powodem, aby dowiedzieć się więcej"
2026/05/03 04:21:38 PM EET,Kobieta,>25,Dietetyka,Studia magisterskie uzupełniające,5 lub więcej razy w tygodniu,Tak,Codziennie,>3 lat,"Witamina D;Magnez;Kwasy omega-3;Kreatyna;Białko;Cytrulina, beta alanina",Nigdy – stosuję się ściśle do zaleceń.,"Tak, zawsze analizuję składy pod kątem powtarzających się substancji.",Zrobiłem/am badania tylko w przypadku niektórych preparatów.,Z trenerem,Poprawa wyników sportowych i regeneracji ,Dietetyk,5,5,5,Środek spożywczy uzupełniający dietę,Nie,Uszkodzenia nerek,Producent,Tak,Tak,Krótkie filmy edukacyjne;Podcasty,Naukowe portale internetowe,-
2026/05/06 08:09:05 AM EET,Kobieta,23–25,Dietetyka,IV,3–4 razy w tygodniu,Tak,Codziennie,>3 lat,Witamina D;Magnez;Multiwitaminy;Kwasy omega-3;Probiotyki;Białko,"Sporadycznie (np. gdy czuję, że „bierze mnie przeziębienie”).",Czasami zwracam na to uwagę,"Nie, stosuję suplementy bez wykonywania wcześniejszych badań.","Tak, z dietetykiem",Poprawa zdrowia;Wzmocnienie odporności;Zwiększenie energii;Poprawa koncentracji;Poprawa samopoczucia,"Internet (artykuły, blogi);Media społecznościowe;Reklamy;Dietetyk",4,4,4,Środek spożywczy uzupełniający dietę,Nie,Uszkodzenia nerek,Producent,Tak,Tak,Krótkie filmy edukacyjne;Warsztaty na uczelni;Posty na Instagramie/TikToku,Dietetyk,Więcej ciekawych filmików edukacyjnych
2026/03/16 6:56:47 pm EET,Kobieta,23–25,Dietetyka,Studia magisterskie uzupełniające,3–4 razy w tygodniu,Tak,Codziennie,1–3 lata,"Witamina D;Witamina C;Kwasy omega-3;Probiotyki;Witamina A, E, K, B6, B12, Cynk, Kwas foliowy","Sporadycznie (np. gdy czuję, że „bierze mnie przeziębienie”).","Tak, zawsze analizuję składy pod kątem powtarzających się substancji.","Tak, każdą suplementację konsultuję z wynikami badań","Tak, z lekarzem",Poprawa zdrowia,Lekarz,5,5,5,Środek spożywczy uzupełniający dietę,Nie,Uszkodzenia nerek,Producent,Tak,Tak,Krótkie filmy edukacyjne,Lekarz,Nic
2026/03/19 03:53:27 PM EET,Mężczyzna,>25,Dietetyka,Studia magisterskie uzupełniające,5 lub więcej razy w tygodniu,Tak,Codziennie,>3 lat,Witamina D;Kreatyna,Nigdy – stosuję się ściśle do zaleceń.,Czasami zwracam na to uwagę,Zrobiłem/am badania tylko w przypadku niektórych preparatów.,"Nie, nie konsultuję",Zwiększenie energii,"Internet (artykuły, blogi)",5,5,5,Środek spożywczy uzupełniający dietę,Nie,Uszkodzenia nerek,Producent,Tak,Tak,Artykuły popularnonaukowe,Naukowe portale internetowe,Skutki uboczne 
2026/04/01 11:41:17 pm EET,Kobieta,20–22,Dietetyka,III,1–2 razy w tygodniu,Tak,Codziennie,3–12 miesięcy,Witamina D;Magnez;Witamina C;Kwasy omega-3,"Sporadycznie (np. gdy czuję, że „bierze mnie przeziębienie”).","Tak, zawsze analizuję składy pod kątem powtarzających się substancji.","Nie, stosuję suplementy bez wykonywania wcześniejszych badań.","Nie, nie konsultuję",Poprawa zdrowia;Zapobieganie niedoborom;Wzmocnienie odporności;Zwiększenie energii,"Internet (artykuły, blogi)",3,3,3,Środek spożywczy uzupełniający dietę,Nie,Uszkodzenia nerek,Producent,Tak,Tak,Krótkie filmy edukacyjne;Infografiki;Podcasty;Posty na Instagramie/TikToku;Artykuły popularnonaukowe,Lekarz,Ciekawość jak działa organizm i dlaczego dany suplement jest przydatny 
2026/04/01 9:44:12 pm EET,Kobieta,>25,Dietetyka,IV,3–4 razy w tygodniu,Tak,Codziennie,>3 lat,Witamina D;Kwasy omega-3,Nigdy – stosuję się ściśle do zaleceń.,"Tak, zawsze analizuję składy pod kątem powtarzających się substancji.",Zrobiłem/am badania tylko w przypadku niektórych preparatów.,Na podstawie własnej wiedzy,Poprawa zdrowia;Zapobieganie niedoborom;Wzmocnienie odporności;Poprawa koncentracji;Poprawa samopoczucia,Dietetyk;PubMed,4,4,3,Środek spożywczy uzupełniający dietę,Nie,Uszkodzenia nerek,Producent,Tak,Tak,Krótkie filmy edukacyjne;Infografiki,Farmaceuta,Rzetelne ulotki w aptekach
2026/04/04 8:35:52 pm EET,Kobieta,>25,Dietetyka,IV,3–4 razy w tygodniu,Tak,Codziennie,1–3 lata,"Witamina D;Kwasy omega-3;Kreatyna;complex B, laktoferyna + szczep L. plantarum (problemy z żelazem i niską ferrytyna)",Nigdy – stosuję się ściśle do zaleceń.,"Tak, zawsze analizuję składy pod kątem powtarzających się substancji.","Tak, każdą suplementację konsultuję z wynikami badań","Nie, nie konsultuję",Poprawa zdrowia;Zapobieganie niedoborom;Wzmocnienie odporności;Zwiększenie energii;Poprawa koncentracji;Poprawa samopoczucia,"Dietetyk;badania naukowe, studia ",4,5,4,Środek spożywczy uzupełniający dietę,Nie,Uszkodzenia nerek,Producent,Tak,Nie,Podcasty;Warsztaty na uczelni;Artykuły popularnonaukowe,Lekarz,"jakaś ciekawa kampania edukacyjna pokazująca prawdziwe oblicze, do tej pory suplementy są uważane za rozwiązanie każdego problemu a niestety tak to nie działa "
2026/04/13 11:30:19 am EET,Kobieta,23–25,Dietetyka,Studia magisterskie uzupełniające,3–4 razy w tygodniu,Tak,Codziennie,>3 lat,Witamina D;Magnez;Kwasy omega-3;Probiotyki;Kreatyna,"Sporadycznie (np. gdy czuję, że „bierze mnie przeziębienie”).","Tak, zawsze analizuję składy pod kątem powtarzających się substancji.",Zrobiłem/am badania tylko w przypadku niektórych preparatów.,"Nie, nie konsultuję","Poprawa zdrowia;Zapobieganie niedoborom;Wzmocnienie odporności;Poprawa wyglądu (skóra, włosy, paznokcie);Zwiększenie energii;Poprawa koncentracji;Poprawa samopoczucia","Internet (artykuły, blogi)",5,5,5,Środek spożywczy uzupełniający dietę,Nie,Uszkodzenia nerek,Producent,Tak,Tak,Podcasty;Warsztaty na uczelni;Konsultacje z farmaceutą;Artykuły popularnonaukowe,Farmaceuta,Nie wiem 
2026/05/12 12:49:39 pm EEST,Kobieta,>25,Dietetyka,Studia magisterskie uzupełniające,Rzadziej niż raz w tygodniu,Nie,Sporadycznie,< 3 miesięcy,Witamina D;Magnez;Witamina C;Kwasy omega-3,"Sporadycznie (np. gdy czuję, że „bierze mnie przeziębienie”).",Czasami zwracam na to uwagę,Zrobiłem/am badania tylko w przypadku niektórych preparatów.,"Nie, nie konsultuję",Poprawa zdrowia;Wzmocnienie odporności;Poprawa koncentracji,"Internet (artykuły, blogi);Media społecznościowe;Dietetyk",3,2,3,Środek spożywczy uzupełniający dietę,Nie,Uszkodzenia nerek,Producent,Tak,Nie wiem,Krótkie filmy edukacyjne;Infografiki,Naukowe portale internetowe,Wyniki badan 
2026/05/14 09:03:18 AM EET,Kobieta,>25,Dietetyka,V,3–4 razy w tygodniu,Tak,Codziennie,3–12 miesięcy,Witamina D;Probiotyki,Nigdy – stosuję się ściśle do zaleceń.,"Tak, zawsze analizuję składy pod kątem powtarzających się substancji.","Tak, każdą suplementację konsultuję z wynikami badań","Tak, z lekarzem",Wzmocnienie odporności,Lekarz,5,5,5,Środek spożywczy uzupełniający dietę,Nie,Brak skutków ubocznych,Producent,Tak,Tak,Warsztaty na uczelni,Lekarz,"Prosty, szybki, przekaz"
2026/05/14 7:06:33 am EEST,Kobieta,>25,Dietetyka kliniczna,IV,1–2 razy w tygodniu,Tak,Codziennie,>3 lat,Witamina D;Magnez;Witamina C;Kwasy omega-3;Probiotyki,"Sporadycznie (np. gdy czuję, że „bierze mnie przeziębienie”).","Tak, zawsze analizuję składy pod kątem powtarzających się substancji.",Zrobiłem/am badania tylko w przypadku niektórych preparatów.,"Tak, z lekarzem",Poprawa zdrowia;Zapobieganie niedoborom;Wzmocnienie odporności,Lekarz;Książki ,4,4,4,Środek spożywczy uzupełniający dietę,Nie,Uszkodzenia nerek,Producent,Tak,Tak,Artykuły popularnonaukowe,Naukowe portale internetowe,Więcej czasu :)
2026/03/16 6:56:55 pm EET,Mężczyzna,23–25,Dietetyka sportowa,Studia magisterskie uzupełniające,3–4 razy w tygodniu,Tak,Codziennie,1–3 lata,Witamina D;Kreatyna;Białko;Żelazo,Nigdy – stosuję się ściśle do zaleceń.,"Nie, nie sprawdzam tego.",Zrobiłem/am badania tylko w przypadku niektórych preparatów.,"Tak, z lekarzem","Poprawa zdrowia;Zapobieganie niedoborom;Wzmocnienie odporności;Poprawa wyglądu (skóra, włosy, paznokcie);Zwiększenie energii;Poprawa koncentracji;Poprawa samopoczucia","Internet (artykuły, blogi);Media społecznościowe;Lekarz;Dietetyk",4,4,3,Środek spożywczy uzupełniający dietę,Tak,Niedokrwistości,Nie wiem,Tak,Tak,Krótkie filmy edukacyjne;Warsztaty na uczelni;Artykuły popularnonaukowe,Lekarz,Nie wiem
2026/04/12 5:11:02 pm EET,Kobieta,< 20,Filologia,II,1–2 razy w tygodniu,Tak,Codziennie,>3 lat,Witamina D;Magnez;Witamina C;Kwasy omega-3;Probiotyki,Nigdy – stosuję się ściśle do zaleceń.,"Tak, zawsze analizuję składy pod kątem powtarzających się substancji.","Suplementy dobieram na podstawie własnych obserwacji (np. gorsze samopoczucie, wypadanie włosów).","Tak, z dietetykiem","Poprawa zdrowia;Wzmocnienie odporności;Poprawa wyglądu (skóra, włosy, paznokcie);Zwiększenie energii;Poprawa koncentracji","Internet (artykuły, blogi);Media społecznościowe;Dietetyk;Znajomi/rodzina",3,3,3,Środek spożywczy uzupełniający dietę,Tylko niektóre,Uszkodzenia nerek,Sanepid bada każdy produkt przed sprzedażą,Tak,Tak,Warsztaty na uczelni;Konsultacje z farmaceutą;Posty na Instagramie/TikToku,Dietetyk,"Dostęp do rzetelnych informacji opartych na badaniach, a nie na reklamach, które obiecują ""cudowne"" efekty."
2026/04/01 11:01:49 PM EET,Mężczyzna,23–25,Filologia angielska,I,Nigdy,Tak,Sporadycznie,3–12 miesięcy,Witamina D,Nie czytam zaleceń dotyczących dawkowania na opakowaniu.,Stosuję tylko jeden preparat.,"Nie, stosuję suplementy bez wykonywania wcześniejszych badań.","Nie, nie konsultuję",Wzmocnienie odporności,"Internet (artykuły, blogi)",1,1,1,Środek spożywczy uzupełniający dietę,Nie wiem,Nie wiem,Nie wiem,Nie wiem,Tak,Krótkie filmy edukacyjne;Posty na Instagramie/TikToku,Instytucje zdrowia publicznego,Ciągle choruję na uczelni. Jakie witaminy działają?
2026/04/02 1:46:51 am EET,Kobieta,23–25,Filologia angielska,III,Rzadziej niż raz w tygodniu,Tak,Codziennie,1–3 lata,Magnez;Kwasy omega-3;Probiotyki;Adaptogeny (np. ashwagandha),"Sporadycznie (np. gdy czuję, że „bierze mnie przeziębienie”).",Stosuję tylko jeden preparat.,Zrobiłem/am badania tylko w przypadku niektórych preparatów.,"Nie, nie konsultuję","Poprawa zdrowia;Zapobieganie niedoborom;Wzmocnienie odporności;Poprawa wyglądu (skóra, włosy, paznokcie);Poprawa samopoczucia","Internet (artykuły, blogi);Lekarz",3,2,3,Środek spożywczy uzupełniający dietę,Tylko niektóre,Uszkodzenia nerek,Producent,Tak,Nie wiem,Krótkie filmy edukacyjne;Infografiki;Warsztaty na uczelni;Konsultacje z farmaceutą;Posty na Instagramie/TikToku,Instytucje zdrowia publicznego,Skutki uboczne
2026/04/01 10:42:29 pm EET,Kobieta,20–22,Finanse i rachunkowość ,II,Rzadziej niż raz w tygodniu,Tak,Codziennie,< 3 miesięcy,Multiwitaminy,Nigdy – stosuję się ściśle do zaleceń.,Stosuję tylko jeden preparat.,"Suplementy dobieram na podstawie własnych obserwacji (np. gorsze samopoczucie, wypadanie włosów).","Tak, z farmaceutą","Poprawa wyglądu (skóra, włosy, paznokcie)",Farmaceuta,2,2,1,Środek spożywczy uzupełniający dietę,Nie wiem,Nie wiem,Sanepid bada każdy produkt przed sprzedażą,Tylko witaminy,Nie wiem,Krótkie filmy edukacyjne;Posty na Instagramie/TikToku,Lekarz,.
2026/04/02 10:15:42 am EET,Kobieta,>25,Finanse i rachunkowość ,Studia magisterskie uzupełniające,Rzadziej niż raz w tygodniu,Tak,Kilka razy w tygodniu,< 3 miesięcy,Witamina D;Kwasy omega-3;Witamina E,Nigdy – stosuję się ściśle do zaleceń.,"Tak, zawsze analizuję składy pod kątem powtarzających się substancji.",Zrobiłem/am badania tylko w przypadku niektórych preparatów.,"Nie, nie konsultuję","Poprawa zdrowia;Zapobieganie niedoborom;Poprawa wyglądu (skóra, włosy, paznokcie);Poprawa koncentracji;Poprawa samopoczucia",Media społecznościowe,4,4,4,Środek spożywczy uzupełniający dietę,Nie,Uszkodzenia nerek,Producent,Tak,Tak,Podcasty;Posty na Instagramie/TikToku,Naukowe portale internetowe,"Skuteczność ich działania, dostęp do wiarygodnych informacji "
2026/03/22 06:07:06 PM EET,Kobieta,23–25,Finanse i rachunkowość ,Studia magisterskie uzupełniające,Rzadziej niż raz w tygodniu,Nie,Sporadycznie,< 3 miesięcy,Witamina D;Magnez;Witamina C,Nigdy – stosuję się ściśle do zaleceń.,"Tak, zawsze analizuję składy pod kątem powtarzających się substancji.","Tak, każdą suplementację konsultuję z wynikami badań","Tak, z lekarzem",Poprawa zdrowia;Zapobieganie niedoborom;Zwiększenie energii;Poprawa koncentracji,"Internet (artykuły, blogi);Lekarz",1,2,3,Środek spożywczy uzupełniający dietę,Tak,Nie wiem,Nie wiem,Tak,Tylko minerały,Krótkie filmy edukacyjne;Warsztaty na uczelni;Konsultacje z farmaceutą,Lekarz,Warsztaty 
2026/04/01 12:29:35 PM EET,Kobieta,20–22,Fizjoterapia,III,5 lub więcej razy w tygodniu,Tak,Codziennie,>3 lat,Witamina D;Multiwitaminy;Kwasy omega-3;Probiotyki;Białko;Adaptogeny (np. ashwagandha),"Często – uważam, że standardowe dawki są zbyt niskie.","Tak, zawsze analizuję składy pod kątem powtarzających się substancji.",Zrobiłem/am badania tylko w przypadku niektórych preparatów.,"Tak, z dietetykiem","Poprawa zdrowia;Zapobieganie niedoborom;Wzmocnienie odporności;Poprawa wyglądu (skóra, włosy, paznokcie);Zwiększenie energii;Poprawa koncentracji;Poprawa samopoczucia","Internet (artykuły, blogi);Lekarz;Dietetyk;Farmaceuta",4,3,3,Środek spożywczy uzupełniający dietę,Tak,Uszkodzenia nerek,Producent,Tak,Tak,Krótkie filmy edukacyjne;Infografiki;Podcasty;Warsztaty na uczelni;Konsultacje z farmaceutą;Posty na Instagramie/TikToku;Artykuły popularnonaukowe,Dietetyk,"Ciekawe filmiki, artykuły, itd."
2026/04/03 12:23:40 PM EET,Kobieta,>25,Fizjoterapia,II,5 lub więcej razy w tygodniu,Tak,Codziennie,1–3 lata,Witamina D;Magnez;Multiwitaminy;Kwasy omega-3;Probiotyki,Nigdy – stosuję się ściśle do zaleceń.,"Tak, zawsze analizuję składy pod kątem powtarzających się substancji.","Suplementy dobieram na podstawie własnych obserwacji (np. gorsze samopoczucie, wypadanie włosów).","Tak, z dietetykiem","Wzmocnienie odporności;Poprawa wyglądu (skóra, włosy, paznokcie);Zwiększenie energii;Poprawa koncentracji;Poprawa samopoczucia","Internet (artykuły, blogi);Reklamy;Dietetyk;Farmaceuta",3,4,4,Środek spożywczy uzupełniający dietę,Nie,Uszkodzenia nerek,Sanepid bada każdy produkt przed sprzedażą,Tak,Tak,Krótkie filmy edukacyjne;Warsztaty na uczelni;Konsultacje z farmaceutą;Dietetyk,Instytucje zdrowia publicznego, jeśli zajdę w ciążę
2026/05/12 09:04:37 PM EET,Kobieta,< 20,Fizjoterapia,III,Rzadziej niż raz w tygodniu,Tak,Codziennie,< 3 miesięcy,Witamina D;Witamina C;Multiwitaminy,"Sporadycznie (np. gdy czuję, że „bierze mnie przeziębienie”).","Nie, nie sprawdzam tego.","Nie, stosuję suplementy bez wykonywania wcześniejszych badań.","Nie, nie konsultuję","Poprawa zdrowia;Poprawa wyglądu (skóra, włosy, paznokcie)","Internet (artykuły, blogi);Media społecznościowe;Znajomi/rodzina",1,1,1,Preparat o udowodnionym działaniu terapeutycznym,Tak,Nie wiem,Ministerstwo Zdrowia,Tak,Tak,Krótkie filmy edukacyjne;Infografiki;Podcasty;Warsztaty na uczelni,Lekarz,Więcej warsztatów na uczelni
2026/03/16 6:21:17 pm EET,Mężczyzna,>25,Informatyka,V,1–2 razy w tygodniu,Tak,Codziennie,< 3 miesięcy,Białko,Nigdy – stosuję się ściśle do zaleceń.,Czasami zwracam na to uwagę,"Suplementy dobieram na podstawie własnych obserwacji (np. gorsze samopoczucie, wypadanie włosów).","Nie, nie konsultuję",Poprawa zdrowia;Zapobieganie niedoborom;Wzmocnienie odporności;Poprawa samopoczucia,"Internet (artykuły, blogi);Lekarz;Dietetyk;Farmaceuta",2,2,1,Środek spożywczy uzupełniający dietę,Tak,Niedokrwistości,Producent,Tak,Tak,Krótkie filmy edukacyjne;Infografiki;Warsztaty na uczelni;Artykuły popularnonaukowe,Instytucje zdrowia publicznego,Łatwe do zrozumienia źródła wiedzy na ten temat
2026/04/09 08:12:55 AM EET,Mężczyzna,20–22,Informatyka,III,3–4 razy w tygodniu,Tak,Kilka razy w tygodniu,3–12 miesięcy,Magnez;Multiwitaminy;Kwasy omega-3;Probiotyki,Nigdy – stosuję się ściśle do zaleceń.,Czasami zwracam na to uwagę,"Nie, stosuję suplementy bez wykonywania wcześniejszych badań.","Nie, nie konsultuję",Wzmocnienie odporności;Zwiększenie energii;Poprawa koncentracji;Poprawa samopoczucia,"Internet (artykuły, blogi);Znajomi/rodzina",2,3,4,Środek spożywczy uzupełniający dietę,Nie,Uszkodzenia nerek,Producent,Tak,Tak,Krótkie filmy edukacyjne;Warsztaty na uczelni;Artykuły popularnonaukowe,Farmaceuta,zwiększyć moją świadomość dotyczącą zdrowia i codziennego stylu życia
2026/04/24 02:31:33 PM EET,Kobieta,20–22,Informatyka,V,1–2 razy w tygodniu,Tak,Kilka razy w tygodniu,1–3 lata,Witamina C;Multiwitaminy;Probiotyki,Nigdy – stosuję się ściśle do zaleceń.,Czasami zwracam na to uwagę,Zrobiłem/am badania tylko w przypadku niektórych preparatów.,"Tak, z farmaceutą","Poprawa zdrowia;Zapobieganie niedoborom;Wzmocnienie odporności;Poprawa wyglądu (skóra, włosy, paznokcie)",Media społecznościowe;Farmaceuta;Znajomi/rodzina,3,2,1,Środek spożywczy uzupełniający dietę,Nie,Nie wiem,Producent,Tak,Tak,Krótkie filmy edukacyjne;Infografiki;Podcasty;Konsultacje z farmaceutą,Farmaceuta,Krótkie spotkania z farmaceutą odnośnie suplementacji i ulotki
2026/05/06 09:03:41 PM EET,Mężczyzna,20–22,Informatyka,II,3–4 razy w tygodniu,Tak,Kilka razy w tygodniu,1–3 lata,Witamina D;Magnez;Witamina C;Multiwitaminy;Kwasy omega-3;Probiotyki;Białko,"Często – uważam, że standardowe dawki są zbyt niskie.","Tak, zawsze analizuję składy pod kątem powtarzających się substancji.",Zrobiłem/am badania tylko w przypadku niektórych preparatów.,"Tak, z dietetykiem",Poprawa zdrowia;Zapobieganie niedoborom;Wzmocnienie odporności;Zwiększenie energii;Poprawa samopoczucia,"Internet (artykuły, blogi);Dietetyk;Farmaceuta;Znajomi/rodzina",4,3,3,Preparat o udowodnionym działaniu terapeutycznym,Tak,Uszkodzenia nerek,Producent,Tak,Tak,Krótkie filmy edukacyjne;Konsultacje z farmaceutą;Posty na Instagramie/TikToku;Artykuły popularnonaukowe,Dietetyk,Fajnie by było gdyby dietetyk robił warsztaty na uczelni
2026/03/21 11:02:53 AM EET,Kobieta,>25,Kryminologia i kryminalistyka ,Studia magisterskie uzupełniające,Nigdy,Tak,Codziennie,3–12 miesięcy,Witamina D;Probiotyki,"Sporadycznie (np. gdy czuję, że „bierze mnie przeziębienie”).",Czasami zwracam na to uwagę,"Tak, każdą suplementację konsultuję z wynikami badań","Tak, z lekarzem","Poprawa zdrowia;Zapobieganie niedoborom;Wzmocnienie odporności;Poprawa wyglądu (skóra, włosy, paznokcie)","Internet (artykuły, blogi);Media społecznościowe;Lekarz;Dietetyk",3,4,3,Środek spożywczy uzupełniający dietę,Nie wiem,Brak skutków ubocznych,Producent,Nie wiem,Nie wiem,Infografiki;Posty na Instagramie/TikToku;Artykuły popularnonaukowe,Dietetyk,Potrzeba 
2026/04/21 10:00:31 AM EET,Kobieta,>25,Kryminologia i kryminalistyka ,III,1–2 razy w tygodniu,Nie,Codziennie,1–3 lata,Witamina D;Witamina C;Kwasy omega-3,"Sporadycznie (np. gdy czuję, że „bierze mnie przeziębienie”).","Tak, zawsze analizuję składy pod kątem powtarzających się substancji.","Tak, każdą suplementację konsultuję z wynikami badań","Nie, nie konsultuję",Poprawa zdrowia;Wzmocnienie odporności,Media społecznościowe;Znajomi/rodzina,4,3,3,Środek spożywczy uzupełniający dietę,Tak,Uszkodzenia nerek,Producent,Tak,Nie,Krótkie filmy edukacyjne;Posty na Instagramie/TikToku,Lekarz,"Spotkania z osobami, które mają wiedzę na ten temat. "
2026/04/30 09:00:05 AM EET,Kobieta,>25,Lekarski,V,5 lub więcej razy w tygodniu,Tak,Kilka razy w tygodniu,< 3 miesięcy,Witamina D;Magnez;Witamina C;Glutation liposomalny,Nigdy – stosuję się ściśle do zaleceń.,"Tak, zawsze analizuję składy pod kątem powtarzających się substancji.","Tak, każdą suplementację konsultuję z wynikami badań","Tak, z dietetykiem","Zapobieganie niedoborom;Wzmocnienie odporności;Poprawa wyglądu (skóra, włosy, paznokcie);Zwiększenie energii;Poprawa samopoczucia",Lekarz;Dietetyk,5,5,5,Środek spożywczy uzupełniający dietę,Nie,Uszkodzenia nerek,Producent,Tak,Tak,Krótkie filmy edukacyjne;Podcasty;Warsztaty na uczelni;Artykuły naukowe,Dietetyk,Rzetelne informacje
2026/04/02 11:52:22 am EET,Kobieta,20–22,Logistyka,III,Rzadziej niż raz w tygodniu,Tak,Codziennie,< 3 miesięcy,Witamina D;Probiotyki;Magnesium citrate,Nigdy – stosuję się ściśle do zaleceń.,Czasami zwracam na to uwagę,Zrobiłem/am badania tylko w przypadku niektórych preparatów.,"Nie, nie konsultuję","Poprawa zdrowia;Poprawa wyglądu (skóra, włosy, paznokcie);Zwiększenie energii;Poprawa koncentracji;Poprawa samopoczucia","Internet (artykuły, blogi);Farmaceuta;Znajomi/rodzina",3,3,3,Środek spożywczy uzupełniający dietę,Tak,Nie wiem,Nie wiem,Tak,Tylko minerały,Krótkie filmy edukacyjne;Posty na Instagramie/TikToku;Artykuły popularnonaukowe,Lekarz,Moje zdrowie
2026/04/12 5:22:24 pm EET,Mężczyzna,20–22,Logistyka,III,Rzadziej niż raz w tygodniu,Tak,Sporadycznie,1–3 lata,Multiwitaminy;Kwasy omega-3;Probiotyki,"Sporadycznie (np. gdy czuję, że „bierze mnie przeziębienie”).","Nie, nie sprawdzam tego.","Nie, stosuję suplementy bez wykonywania wcześniejszych badań.","Nie, nie konsultuję",Poprawa zdrowia;Wzmocnienie odporności,"Internet (artykuły, blogi);Farmaceuta",2,2,2,Środek spożywczy uzupełniający dietę,Tak,Uszkodzenia nerek,Sanepid bada każdy produkt przed sprzedażą,Tak,Tak,Infografiki;Warsztaty na uczelni,Dietetyk," Przekaz oparty na wiedzy dietetyków, lekarzy i farmaceutów"
2026/03/20 10:02:09 AM EET,Mężczyzna,>25,Logistyka,IV,1–2 razy w tygodniu,Tak,Kilka razy w tygodniu,>3 lat,Witamina D;Witamina C;Multiwitaminy;Kwasy omega-3;Probiotyki;Białko,Nie czytam zaleceń dotyczących dawkowania na opakowaniu.,"Nie, nie sprawdzam tego.","Nie, stosuję suplementy bez wykonywania wcześniejszych badań.","Tak, z farmaceutą",Poprawa zdrowia;Zwiększenie energii;Poprawa koncentracji,"Internet (artykuły, blogi);Media społecznościowe;Farmaceuta;Znajomi/rodzina",2,2,2,Środek spożywczy uzupełniający dietę,Tylko niektóre,Nie wiem,Ministerstwo Zdrowia,Tak,Nie wiem,Krótkie filmy edukacyjne;Infografiki;Konsultacje z farmaceutą;Posty na Instagramie/TikToku,Farmaceuta,"Krótkie filmiki na internecie, posty na mediach"
2026/04/09 07:41:24 PM EET,Kobieta,20–22,Mediacja sztuki ,II,Rzadziej niż raz w tygodniu,Nie,Sporadycznie,1–3 lata,Witamina D;Witamina C,"Sporadycznie (np. gdy czuję, że „bierze mnie przeziębienie”).","Nie, nie sprawdzam tego.","Suplementy dobieram na podstawie własnych obserwacji (np. gorsze samopoczucie, wypadanie włosów).","Nie, nie konsultuję",Zapobieganie niedoborom;Wzmocnienie odporności;Zwiększenie energii;Poprawa samopoczucia,Znajomi/rodzina,1,2,1,Środek spożywczy uzupełniający dietę,Tak,Nie wiem,Producent,Tak,Nie wiem,Krótkie filmy edukacyjne;Warsztaty na uczelni;Posty na Instagramie/TikToku;Artykuły popularnonaukowe,Farmaceuta,Krótkie przejrzyste treści 
2026/04/29 12:31:37 PM EET,Kobieta,>25,Medycyna,IV,Nigdy,Tak,Sporadycznie,3–12 miesięcy,Magnez;Witamina C;Probiotyki,Nigdy – stosuję się ściśle do zaleceń.,Czasami zwracam na to uwagę,Zrobiłem/am badania tylko w przypadku niektórych preparatów.,"Nie, nie konsultuję",Wzmocnienie odporności;Zwiększenie energii;Poprawa koncentracji,"Internet (artykuły, blogi);Media społecznościowe;Reklamy;Lekarz",2,3,4,Produkt leczniczy,Tak,Uszkodzenia nerek,Producent,Tak,Tak,Konsultacje z farmaceutą;Artykuły popularnonaukowe,Lekarz,"Więcej artykułów, oficjalnych informacji"
2026/04/22 06:48:42 PM EET,Mężczyzna,< 20,Prawo,I,Rzadziej niż raz w tygodniu,Tak,Sporadycznie,3–12 miesięcy,Witamina C;Multiwitaminy,Nigdy – stosuję się ściśle do zaleceń.,"Nie, nie sprawdzam tego.","Suplementy dobieram na podstawie własnych obserwacji (np. gorsze samopoczucie, wypadanie włosów).","Nie, nie konsultuję",Poprawa zdrowia,"Internet (artykuły, blogi);Media społecznościowe;Reklamy",2,2,1,Preparat o udowodnionym działaniu terapeutycznym,Tak,Brak skutków ubocznych,Ministerstwo Zdrowia,Nie wiem,Nie wiem,Krótkie filmy edukacyjne;Podcasty;Posty na Instagramie/TikToku,Naukowe portale internetowe,Powinno być więcej ciekawych stron na ten temat
2026/03/22 08:06:26 PM EET,Kobieta,>25,Psychologia,IV,Rzadziej niż raz w tygodniu,Tak,Codziennie,1–3 lata,Witamina D;Magnez;Probiotyki;Białko,"Sporadycznie (np. gdy czuję, że „bierze mnie przeziębienie”).","Tak, zawsze analizuję składy pod kątem powtarzających się substancji.",Zrobiłem/am badania tylko w przypadku niektórych preparatów.,"Tak, z lekarzem","Poprawa zdrowia;Zapobieganie niedoborom;Wzmocnienie odporności;Poprawa wyglądu (skóra, włosy, paznokcie);Zwiększenie energii;Poprawa koncentracji;Poprawa samopoczucia",Dietetyk;Interesuję się ziołami i jestem członkiem grupy stosującej nutraceutyki Arbonne,4,4,3,Środek spożywczy uzupełniający dietę,Nie,Brak skutków ubocznych,Producent,Tak,Tak,Warsztaty na uczelni;Konsultacje z farmaceutą,"Takie, którego polecenia nie wynikają z profitów jakie otrzymują ",Podejście do suplementów i wiedza o nich 
2026/04/04 10:56:16 am EET,Kobieta,>25,Psychologia,III,1–2 razy w tygodniu,Tak,Codziennie,>3 lat,Witamina D;Kwasy omega-3;Kwas foliowy,Nigdy – stosuję się ściśle do zaleceń.,"Nie, nie sprawdzam tego.",Zrobiłem/am badania tylko w przypadku niektórych preparatów.,"Tak, z lekarzem",Poprawa zdrowia;Zapobieganie niedoborom;Wzmocnienie odporności;Poprawa samopoczucia,Media społecznościowe;Znajomi/rodzina,3,3,2,Środek spożywczy uzupełniający dietę,Tak,Nie wiem,Producent,Tak,Tak,Krótkie filmy edukacyjne;Infografiki,Dietetyk,"Motywuje mnie moja aktualna sytuacja - stan zdrowia, wyniki badań, samopoczucie i chęć poprawy w tych zakresach"
2026/04/21 07:23:20 PM EET,Kobieta,>25,Psychologia,I,3–4 razy w tygodniu,Tak,Codziennie,>3 lat,Witamina D;Magnez;Witamina C;Kwasy omega-3;Kreatyna,"Często – uważam, że standardowe dawki są zbyt niskie.","Tak, zawsze analizuję składy pod kątem powtarzających się substancji.","Suplementy dobieram na podstawie własnych obserwacji (np. gorsze samopoczucie, wypadanie włosów).","Tak, z lekarzem","Poprawa zdrowia;Zapobieganie niedoborom;Wzmocnienie odporności;Poprawa wyglądu (skóra, włosy, paznokcie);Zwiększenie energii;Poprawa koncentracji;Poprawa samopoczucia","Internet (artykuły, blogi);Lekarz;Farmaceuta;Znajomi/rodzina",4,4,3,Środek spożywczy uzupełniający dietę,Nie,Uszkodzenia nerek,Producent,Tak,Tak,Krótkie filmy edukacyjne,Lekarz,Pewność że to co czytam jest rzetelne.
2026/03/16 6:49:21 pm EET,Kobieta,>25,Psychologia,IV,3–4 razy w tygodniu,Tak,Codziennie,< 3 miesięcy,Witamina D;Multiwitaminy,Nigdy – stosuję się ściśle do zaleceń.,"Tak, zawsze analizuję składy pod kątem powtarzających się substancji.","Nie, stosuję suplementy bez wykonywania wcześniejszych badań.","Nie, nie konsultuję","Poprawa zdrowia;Zapobieganie niedoborom;Poprawa wyglądu (skóra, włosy, paznokcie);Zwiększenie energii;Poprawa koncentracji","Internet (artykuły, blogi)",2,2,3,Produkt leczniczy,Nie wiem,Nie wiem,Nie wiem,Tak,Nie wiem,Konsultacje z farmaceutą;Posty na Instagramie/TikToku,Instytucje zdrowia publicznego,Ciekawy przekaz 
2026/03/16 8:32:25 pm EET,Kobieta,23–25,Psychologia,IV,Rzadziej niż raz w tygodniu,Tak,Codziennie,3–12 miesięcy,Witamina D;Magnez;Witamina C;Multiwitaminy;Kwasy omega-3,Nigdy – stosuję się ściśle do zaleceń.,"Nie, nie sprawdzam tego.",Zrobiłem/am badania tylko w przypadku niektórych preparatów.,"Nie, nie konsultuję",Zapobieganie niedoborom;Wzmocnienie odporności;Poprawa samopoczucia,Media społecznościowe;Znajomi/rodzina,4,3,2,Środek spożywczy uzupełniający dietę,Tak,Brak skutków ubocznych,Ministerstwo Zdrowia,Tak,Tak,Infografiki;Warsztaty na uczelni,Farmaceuta,"Warsztaty, wykłady o suplementach :)"
2026/03/16 9:24:35 pm EET,Mężczyzna,>25,Psychologia,V,1–2 razy w tygodniu,Tak,Codziennie,3–12 miesięcy,Witamina D;Magnez;Kwasy omega-3;Probiotyki;Kreatyna;Adaptogeny (np. ashwagandha),"Sporadycznie (np. gdy czuję, że „bierze mnie przeziębienie”).","Tak, zawsze analizuję składy pod kątem powtarzających się substancji.",Zrobiłem/am badania tylko w przypadku niektórych preparatów.,"Nie, nie konsultuję","Poprawa zdrowia;Zapobieganie niedoborom;Wzmocnienie odporności;Poprawa wyglądu (skóra, włosy, paznokcie);Zwiększenie energii;Poprawa koncentracji;Poprawa samopoczucia","Internet (artykuły, blogi);Media społecznościowe;Lekarz",3,3,3,Środek spożywczy uzupełniający dietę,Tylko niektóre,Uszkodzenia nerek,Producent,Tak,Tak,Krótkie filmy edukacyjne;Infografiki;Artykuły popularnonaukowe,Naukowe portale internetowe,Nic
2026/03/16 9:50:44 pm EET,Kobieta,>25,Psychologia,IV,5 lub więcej razy w tygodniu,Tak,Codziennie,3–12 miesięcy,"Witamina D;Witamina C;Kwasy omega-3;Probiotyki;Maślan sodu, kompleks witamin b, laktoferyna ",Nigdy – stosuję się ściśle do zaleceń.,"Tak, zawsze analizuję składy pod kątem powtarzających się substancji.",Zrobiłem/am badania tylko w przypadku niektórych preparatów.,"Tak, z lekarzem","Poprawa zdrowia;Poprawa wyglądu (skóra, włosy, paznokcie);Zwiększenie energii;Poprawa koncentracji;Poprawa samopoczucia","Internet (artykuły, blogi);Media społecznościowe;Lekarz",4,4,4,Produkt leczniczy,Tak,Nie wiem,Nie wiem,Tak,Tak,Krótkie filmy edukacyjne;Posty na Instagramie/TikToku,Farmaceuta,Nie wiem 
2026/03/17 11:32:49 pm EET,Kobieta,>25,Psychologia,IV,Rzadziej niż raz w tygodniu,Tak,Codziennie,< 3 miesięcy,Witamina D,Nigdy – stosuję się ściśle do zaleceń.,"Tak, zawsze analizuję składy pod kątem powtarzających się substancji.","Tak, każdą suplementację konsultuję z wynikami badań","z lekarzem, ale sporo czytam na ten temat",obniżony poziom vit D,Lekarz,3,3,2,Środek spożywczy uzupełniający dietę,Nie wiem,Uszkodzenia nerek,Nie wiem,Tak,Tak,Infografiki;Podcasty;Warsztaty na uczelni;Artykuły popularnonaukowe,Lekarz,indywidualizacja planów ich zażywania a nie moda na niektóre
2026/03/19 05:56:28 PM EET,Kobieta,< 20,Psychologia,I,Rzadziej niż raz w tygodniu,Tak,Kilka razy w tygodniu,< 3 miesięcy,Multiwitaminy,Nigdy – stosuję się ściśle do zaleceń.,Stosuję tylko jeden preparat.,"Nie, stosuję suplementy bez wykonywania wcześniejszych badań.","Nie, nie konsultuję",Wzmocnienie odporności,Znajomi/rodzina,2,1,2,Środek spożywczy uzupełniający dietę,Nie,Uszkodzenia nerek,Producent,Tak,Tak,Warsztaty na uczelni;Posty na Instagramie/TikToku;Artykuły popularnonaukowe,Lekarz,"jasne, zwięzłe informacje"
2026/04/04 08:42:44 PM EET,Kobieta,>25,Psychologia,V,Rzadziej niż raz w tygodniu,Tak,Kilka razy w tygodniu,1–3 lata,Witamina D;Multiwitaminy;Białko,"Sporadycznie (np. gdy czuję, że „bierze mnie przeziębienie”).","Nie, nie sprawdzam tego.","Suplementy dobieram na podstawie własnych obserwacji (np. gorsze samopoczucie, wypadanie włosów).","Tak, z lekarzem",Poprawa zdrowia;Zapobieganie niedoborom;Wzmocnienie odporności;Poprawa samopoczucia,Media społecznościowe;Reklamy;Lekarz;Znajomi/rodzina,2,2,2,Środek spożywczy uzupełniający dietę,Tak,Uszkodzenia nerek,Producent,Tak,Tak,Infografiki;Warsztaty na uczelni;Konsultacje z farmaceutą;Artykuły popularnonaukowe,Lekarz,"Ulotki, artykuły"
2026/04/04 10:02:16 AM EET,Mężczyzna,< 20,Psychologia,II,3–4 razy w tygodniu,Tak,Kilka razy w tygodniu,3–12 miesięcy,Kreatyna;Białko,Nigdy – stosuję się ściśle do zaleceń.,Czasami zwracam na to uwagę,"Nie, stosuję suplementy bez wykonywania wcześniejszych badań.","Nie, nie konsultuję",Poprawa koncentracji,Dietetyk,4,5,5,Środek spożywczy uzupełniający dietę,Tylko niektóre,Uszkodzenia nerek,Producent,Tak,Nie,Krótkie filmy edukacyjne;Posty na Instagramie/TikToku,Farmaceuta,Edukacja obowiązkowa wczesniej w szkole
2026/04/07 11:38:20 AM EET,Mężczyzna,20–22,Psychologia,II,Rzadziej niż raz w tygodniu,Tak,Sporadycznie,1–3 lata,Multiwitaminy,Nie czytam zaleceń dotyczących dawkowania na opakowaniu.,"Nie, nie sprawdzam tego.","Nie, stosuję suplementy bez wykonywania wcześniejszych badań.","Nie, nie konsultuję","Wzmocnienie odporności;Poprawa wyglądu (skóra, włosy, paznokcie)","Internet (artykuły, blogi);Reklamy",2,1,2,Środek spożywczy uzupełniający dietę,Nie,Niedokrwistości,Sanepid bada każdy produkt przed sprzedażą,Tak,Tak,Infografiki;Artykuły popularnonaukowe,Instytucje zdrowia publicznego,.
2026/04/13 11:09:56 am EET,Kobieta,20–22,Psychologia,IV,5 lub więcej razy w tygodniu,Tak,Codziennie,3–12 miesięcy,Probiotyki;Adaptogeny (np. ashwagandha),Nigdy – stosuję się ściśle do zaleceń.,"Nie, nie sprawdzam tego.","Nie, stosuję suplementy bez wykonywania wcześniejszych badań.","Nie, nie konsultuję","Poprawa wyglądu (skóra, włosy, paznokcie)","Internet (artykuły, blogi);Media społecznościowe;Farmaceuta;Znajomi/rodzina",3,4,2,Środek spożywczy uzupełniający dietę,Tak,Nie wiem,Nie wiem,Tak,Nie wiem,Posty na Instagramie/TikToku,Lekarz,Nie wiem
2026/04/13 11:41:04 am EET,Kobieta,>25,Psychologia,IV,Nigdy,Tak,Codziennie,>3 lat,Witamina D;Magnez;Kwasy omega-3;Witamina B,"Sporadycznie (np. gdy czuję, że „bierze mnie przeziębienie”).",Czasami zwracam na to uwagę,Zrobiłem/am badania tylko w przypadku niektórych preparatów.,"Tak, z lekarzem",Poprawa zdrowia;Zwiększenie energii;Poprawa samopoczucia,"Internet (artykuły, blogi);Lekarz;Farmaceuta;Znajomi/rodzina",4,3,3,Środek spożywczy uzupełniający dietę,Nie,Uszkodzenia nerek,Sanepid bada każdy produkt przed sprzedażą,Tak,Tak,Krótkie filmy edukacyjne;Konsultacje z farmaceutą;Artykuły popularnonaukowe,Naukowe portale internetowe,Złe samopoczucie
2026/04/13 3:59:26 pm EET,Kobieta,>25,Psychologia,IV,Rzadziej niż raz w tygodniu,Tak,Codziennie,3–12 miesięcy,Witamina D;Magnez;Multiwitaminy;Kwasy omega-3,Nigdy – stosuję się ściśle do zaleceń.,Czasami zwracam na to uwagę,"Nie, stosuję suplementy bez wykonywania wcześniejszych badań.","Nie, nie konsultuję","Poprawa zdrowia;Wzmocnienie odporności;Poprawa wyglądu (skóra, włosy, paznokcie);Zwiększenie energii","Internet (artykuły, blogi);Media społecznościowe",4,4,3,Środek spożywczy uzupełniający dietę,Nie,Uszkodzenia nerek,Producent,Tak,Tak,Krótkie filmy edukacyjne;Podcasty;Warsztaty na uczelni;Posty na Instagramie/TikToku;Artykuły popularnonaukowe,Instytucje zdrowia publicznego,Nie potrzebuje więcejwiedzy w tym zakresie 
2026/04/16 11:56:57 AM EET,Kobieta,< 20,Psychologia,I,Rzadziej niż raz w tygodniu,Tak,Sporadycznie,3–12 miesięcy,Multiwitaminy;Kwasy omega-3,Nie czytam zaleceń dotyczących dawkowania na opakowaniu.,Stosuję tylko jeden preparat.,"Suplementy dobieram na podstawie własnych obserwacji (np. gorsze samopoczucie, wypadanie włosów).","Nie, nie konsultuję","Poprawa wyglądu (skóra, włosy, paznokcie);Poprawa samopoczucia","Internet (artykuły, blogi);Media społecznościowe;Reklamy;Znajomi/rodzina",3,2,2,Środek spożywczy uzupełniający dietę,Nie,Uszkodzenia nerek,Sanepid bada każdy produkt przed sprzedażą,Tak,Tak,Krótkie filmy edukacyjne,Instytucje zdrowia publicznego,Rozwój nauki i medycyny
2026/04/30 10:55:15 AM EET,Kobieta,23–25,Psychologia,V,Rzadziej niż raz w tygodniu,Nie,Sporadycznie,>3 lat,Witamina D,Nigdy – stosuję się ściśle do zaleceń.,"Nie, nie sprawdzam tego.","Tak, każdą suplementację konsultuję z wynikami badań","Tak, z lekarzem","Poprawa zdrowia;Zapobieganie niedoborom;Wzmocnienie odporności;Poprawa wyglądu (skóra, włosy, paznokcie);Zwiększenie energii;Poprawa koncentracji;Poprawa samopoczucia","Internet (artykuły, blogi);Media społecznościowe;Lekarz;Farmaceuta",2,2,2,Środek spożywczy uzupełniający dietę,Nie wiem,Uszkodzenia nerek,Nie wiem,Tak,Nie wiem,Infografiki;Posty na Instagramie/TikToku,Lekarz,Łatwa dostępność informacji np. Na instagramie
2026/05/01 02:28:12 PM EET,Kobieta,>25,Psychologia,Studia magisterskie uzupełniające,1–2 razy w tygodniu,Tak,Codziennie,< 3 miesięcy,Witamina D;Magnez;Wit z grupy B,Nigdy – stosuję się ściśle do zaleceń.,"Tak, zawsze analizuję składy pod kątem powtarzających się substancji.","Tak, każdą suplementację konsultuję z wynikami badań","Tak, z lekarzem",Poprawa zdrowia;Zapobieganie niedoborom;Choroba ,Farmaceuta;Rzetelne zrodla w internecie ,4,4,4,Środek spożywczy uzupełniający dietę,Nie,Uszkodzenia nerek,Ministerstwo Zdrowia,Tak,Tak,Warsztaty na uczelni;Artykuły popularnonaukowe,Lekarz,Potrzeba 
2026/05/01 12:35:37 PM EET,Kobieta,>25,Psychologia,I,1–2 razy w tygodniu,Tak,Kilka razy w tygodniu,>3 lat,Witamina D;Magnez;Witamina C;Multiwitaminy;Kwasy omega-3,"Sporadycznie (np. gdy czuję, że „bierze mnie przeziębienie”).","Tak, zawsze analizuję składy pod kątem powtarzających się substancji.",Zrobiłem/am badania tylko w przypadku niektórych preparatów.,"Tak, z farmaceutą",Poprawa zdrowia;Zapobieganie niedoborom;Zwiększenie energii;Poprawa samopoczucia,"Internet (artykuły, blogi);Lekarz;Dietetyk;Farmaceuta",4,3,4,Środek spożywczy uzupełniający dietę,Nie,Uszkodzenia nerek,Producent,Tak,Tak,Infografiki;Podcasty;Konsultacje z farmaceutą;Artykuły popularnonaukowe,Naukowe portale internetowe,Łatwiejszy dostęp do informacji opartych o najnowsze badania naukowe
2026/05/11 01:24:25 PM EET,Mężczyzna,< 20,Psychologia,I,Rzadziej niż raz w tygodniu,Tak,Sporadycznie,1–3 lata,Multiwitaminy,Nie czytam zaleceń dotyczących dawkowania na opakowaniu.,Stosuję tylko jeden preparat.,"Nie, stosuję suplementy bez wykonywania wcześniejszych badań.","Nie, nie konsultuję",Poprawa zdrowia;Zapobieganie niedoborom;Poprawa samopoczucia,"Internet (artykuły, blogi);Media społecznościowe;Reklamy",2,2,2,Środek spożywczy uzupełniający dietę,Tylko niektóre,Nie wiem,Sanepid bada każdy produkt przed sprzedażą,Tak,Tak,Konsultacje z farmaceutą,Instytucje zdrowia publicznego,"Chciałbym się czegoś więcej nauczyć, pogłębić swoją wiedzę"
2026/05/12 11:31:09 pm EEST,Kobieta,>25,Psychologia,IV,Rzadziej niż raz w tygodniu,Tak,Kilka razy w tygodniu,>3 lat,"Witamina D;Magnez;Witamina C;Multiwitaminy;Kwasy omega-3;Jod, wapń, karnozyna cynkowa",Nie czytam zaleceń dotyczących dawkowania na opakowaniu.,"Tak, zawsze analizuję składy pod kątem powtarzających się substancji.","Suplementy dobieram na podstawie własnych obserwacji (np. gorsze samopoczucie, wypadanie włosów).","Głównie sama decyduje, ale częśxiowo też na zalecenie lekarza i dietetyka",Poprawa zdrowia;Zapobieganie niedoborom;Poprawa samopoczucia;Karmię piersią a mam ograniczoną dietę przez alergie i problemy jelitowe,"Internet (artykuły, blogi);Media społecznościowe;Lekarz;Dietetyk",4,4,2,Środek spożywczy uzupełniający dietę,Nie,Uszkodzenia nerek,Producent,Tak,Tak,Podcasty;Warsztaty na uczelni;Artykuły popularnonaukowe,"Portale zbierające wyniki badań lub też oponie specjalistów, ale wielu, żeby mozna było porównać podejścia, nie ufam jednemu lekarzowi, dietetykowi itp. ponieważ każdy mówi co innego"," Nie potrzebuję zachęty, z własnej woli poszerzam wiedzę"
2026/05/15 12:58:23 pm EEST,Kobieta,>25,Psychologia,IV,Rzadziej niż raz w tygodniu,Tak,Codziennie,>3 lat,Witamina D;Magnez;Witamina C;Kwasy omega-3,Nigdy – stosuję się ściśle do zaleceń.,Czasami zwracam na to uwagę,"Tak, każdą suplementację konsultuję z wynikami badań","Tak, z lekarzem","Poprawa zdrowia;Zapobieganie niedoborom;Wzmocnienie odporności;Poprawa wyglądu (skóra, włosy, paznokcie);Zwiększenie energii;Poprawa koncentracji;Poprawa samopoczucia","Internet (artykuły, blogi);Lekarz;Farmaceuta",4,4,3,Produkt leczniczy,Tak,Nie wiem,Nie wiem,Tak,Nie,Krótkie filmy edukacyjne;Podcasty;Warsztaty na uczelni,Farmaceuta,Odróżnienie nauki od marketingu 
2026/03/16 10:18:44 pm EET,Kobieta,23–25,Psychologia,IV,1–2 razy w tygodniu,Tak,Kilka razy w tygodniu,>3 lat,Witamina D;Magnez,Nigdy – stosuję się ściśle do zaleceń.,Czasami zwracam na to uwagę,Zrobiłem/am badania tylko w przypadku niektórych preparatów.,"Nie, nie konsultuję",Zapobieganie niedoborom;Wzmocnienie odporności;Zwiększenie energii;Poprawa koncentracji;Poprawa samopoczucia,"Internet (artykuły, blogi);Media społecznościowe",3,3,2,Produkt leczniczy,Tylko niektóre,Niedokrwistości,Sanepid bada każdy produkt przed sprzedażą,Tak,Tak,Krótkie filmy edukacyjne;Posty na Instagramie/TikToku,Lekarz,Proste opisy bez zbędnych dodatków które sa niezrozumiałe 
2026/03/16 10:39:52 pm EET,Kobieta,>25,Psychologia,IV,1–2 razy w tygodniu,Tak,Kilka razy w miesiącu,>3 lat,Probiotyki;Kolagen,"Sporadycznie (np. gdy czuję, że „bierze mnie przeziębienie”).","Tak, zawsze analizuję składy pod kątem powtarzających się substancji.",Zrobiłem/am badania tylko w przypadku niektórych preparatów.,"Nie, nie konsultuję","Poprawa zdrowia;Zapobieganie niedoborom;Wzmocnienie odporności;Poprawa wyglądu (skóra, włosy, paznokcie);Zwiększenie energii;Poprawa koncentracji;Poprawa samopoczucia","Internet (artykuły, blogi);Media społecznościowe;Lekarz;Dietetyk;Farmaceuta",4,4,5,Środek spożywczy uzupełniający dietę,Tak,Uszkodzenia nerek,Nie wiem,Tak,Nie wiem,Krótkie filmy edukacyjne;Infografiki;Posty na Instagramie/TikToku;Artykuły popularnonaukowe,Dietetyk,"Ogólnie nie polecam suplementów, wolę leki. Staram się stosować leki a nie suplementy, bo są lepiej przebadane. Więc ograniczam jak mogę suplementy. "
2026/03/16 7:11:16 pm EET,Kobieta,>25,Psychologia,IV,5 lub więcej razy w tygodniu,Tak,Kilka razy w tygodniu,>3 lat,Witamina D;Magnez;Witamina C;Probiotyki,"Często – uważam, że standardowe dawki są zbyt niskie.","Tak, zawsze analizuję składy pod kątem powtarzających się substancji.","Nie, stosuję suplementy bez wykonywania wcześniejszych badań.","Nie, nie konsultuję",Zapobieganie niedoborom;Wzmocnienie odporności;Zwiększenie energii;Poprawa koncentracji,Znajomi/rodzina,4,4,4,Środek spożywczy uzupełniający dietę,Tylko niektóre,Niedokrwistości,Producent,Tak,Tak,Artykuły popularnonaukowe,Naukowe portale internetowe,Samoświadomość dot zdrowia 
2026/03/16 9:08:30 pm EET,Kobieta,< 20,Psychologia,IV,5 lub więcej razy w tygodniu,Tak,Codziennie,>3 lat,Witamina D;Magnez;Kwasy omega-3,Nigdy – stosuję się ściśle do zaleceń.,"Tak, zawsze analizuję składy pod kątem powtarzających się substancji.","Suplementy dobieram na podstawie własnych obserwacji (np. gorsze samopoczucie, wypadanie włosów).","Nie, nie konsultuję",Zapobieganie niedoborom;Wzmocnienie odporności;Zwiększenie energii;Poprawa koncentracji,"Internet (artykuły, blogi)",5,5,5,Środek spożywczy uzupełniający dietę,Tak,Uszkodzenia nerek,Producent,Tak,Tak,Artykuły popularnonaukowe,Naukowe portale internetowe,Artykuł naukowy 
2026/03/16 9:15:27 pm EET,Kobieta,>25,Psychologia,IV,1–2 razy w tygodniu,Tak,Codziennie,>3 lat,Witamina D;Magnez;Kwasy omega-3;Probiotyki;Kreatyna;Białko;Adaptogeny (np. ashwagandha),Nigdy – stosuję się ściśle do zaleceń.,"Tak, zawsze analizuję składy pod kątem powtarzających się substancji.",Zrobiłem/am badania tylko w przypadku niektórych preparatów.,"Tak, z farmaceutą",Poprawa zdrowia;Zapobieganie niedoborom;Wzmocnienie odporności;Zwiększenie energii;Poprawa koncentracji,Lekarz;Farmaceuta,4,4,3,Środek spożywczy uzupełniający dietę,Tak,Uszkodzenia nerek,Producent,Tak,Nie,Konsultacje z farmaceutą,Farmaceuta,Podkasty lekarzy 
2026/03/17 08:26:31 AM EET,Kobieta,23–25,Psychologia,III,1–2 razy w tygodniu,Tak,Codziennie,1–3 lata,Witamina D;Magnez;Kwasy omega-3;Białko;Adaptogeny (np. ashwagandha),Nigdy – stosuję się ściśle do zaleceń.,"Tak, zawsze analizuję składy pod kątem powtarzających się substancji.","Nie, stosuję suplementy bez wykonywania wcześniejszych badań.","Tak, z farmaceutą","Poprawa zdrowia;Zapobieganie niedoborom;Wzmocnienie odporności;Poprawa wyglądu (skóra, włosy, paznokcie);Zwiększenie energii;Poprawa koncentracji;Poprawa samopoczucia","Internet (artykuły, blogi);Media społecznościowe;Farmaceuta;Znajomi/rodzina",4,2,2,Środek spożywczy uzupełniający dietę,Tylko niektóre,Uszkodzenia nerek,Ministerstwo Zdrowia,Tak,Nie,Krótkie filmy edukacyjne;Infografiki;Konsultacje z farmaceutą;Posty na Instagramie/TikToku,Lekarz,Nie wiem 
2026/03/17 5:04:18 pm EET,Mężczyzna,>25,Psychologia,IV,5 lub więcej razy w tygodniu,Tak,Codziennie,>3 lat,Witamina D;Magnez;Kwasy omega-3;Kreatyna;Białko,"Często – uważam, że standardowe dawki są zbyt niskie.","Tak, zawsze analizuję składy pod kątem powtarzających się substancji.","Suplementy dobieram na podstawie własnych obserwacji (np. gorsze samopoczucie, wypadanie włosów).","Tak, z dietetykiem","Poprawa zdrowia;Zapobieganie niedoborom;Wzmocnienie odporności;Poprawa wyglądu (skóra, włosy, paznokcie);Zwiększenie energii;Poprawa koncentracji;Poprawa samopoczucia","Internet (artykuły, blogi);Lekarz;Dietetyk;Znajomi/rodzina",4,4,5,Środek spożywczy uzupełniający dietę,Nie,Uszkodzenia nerek,Producent,Tak,Tak,Krótkie filmy edukacyjne;Podcasty;Warsztaty na uczelni;Konsultacje z farmaceutą;Artykuły popularnonaukowe,Naukowe portale internetowe,Badania naukowe 
2026/03/17 7:23:46 am EET,Kobieta,>25,Psychologia,IV,Rzadziej niż raz w tygodniu,Tak,Codziennie,3–12 miesięcy,Witamina C;Białko;Adaptogeny (np. ashwagandha),"Często – uważam, że standardowe dawki są zbyt niskie.","Nie, nie sprawdzam tego.","Suplementy dobieram na podstawie własnych obserwacji (np. gorsze samopoczucie, wypadanie włosów).","Nie, nie konsultuję","Poprawa zdrowia;Zapobieganie niedoborom;Poprawa wyglądu (skóra, włosy, paznokcie);Poprawa koncentracji","Internet (artykuły, blogi);Znajomi/rodzina",3,3,3,Środek spożywczy uzupełniający dietę,Tylko niektóre,Nie wiem,Nie wiem,Tak,Tak,Krótkie filmy edukacyjne;Podcasty;Artykuły popularnonaukowe,Instytucje zdrowia publicznego,Edukacja państwa - reklamy prawdziwe a nie zakłamane 
2026/03/17 7:39:30 am EET,Kobieta,23–25,Psychologia,IV,1–2 razy w tygodniu,Nie,Sporadycznie,>3 lat,Witamina D,"Sporadycznie (np. gdy czuję, że „bierze mnie przeziębienie”).",Stosuję tylko jeden preparat.,"Tak, każdą suplementację konsultuję z wynikami badań","Tak, z lekarzem",Poprawa zdrowia;Zwiększenie energii,"Internet (artykuły, blogi);Lekarz",2,2,2,Środek spożywczy uzupełniający dietę,Nie,Uszkodzenia nerek,Producent,Tak,Tak,Infografiki,Lekarz,Darmowe badania krwi bez skierowania
2026/03/18 03:00:03 PM EET,Kobieta,>25,Psychologia,III,Rzadziej niż raz w tygodniu,Tak,Kilka razy w tygodniu,3–12 miesięcy,Witamina D;Magnez,"Sporadycznie (np. gdy czuję, że „bierze mnie przeziębienie”).",Czasami zwracam na to uwagę,"Tak, każdą suplementację konsultuję z wynikami badań","Tak, z lekarzem",Poprawa zdrowia;Zapobieganie niedoborom,Lekarz;Dietetyk;Farmaceuta,4,3,3,Środek spożywczy uzupełniający dietę,Nie,Niedokrwistości,Producent,Tak,Tak,Krótkie filmy edukacyjne;Konsultacje z farmaceutą,Lekarz,Potrzeby własne 
2026/03/20 06:29:35 PM EET,Kobieta,>25,Psychologia,IV,Rzadziej niż raz w tygodniu,Tak,Kilka razy w tygodniu,1–3 lata,Witamina D;Magnez;Witamina C;Kwasy omega-3;Probiotyki,"Sporadycznie (np. gdy czuję, że „bierze mnie przeziębienie”).","Tak, zawsze analizuję składy pod kątem powtarzających się substancji.",Zrobiłem/am badania tylko w przypadku niektórych preparatów.,"Nie, nie konsultuję",Poprawa zdrowia;Wzmocnienie odporności,"Internet (artykuły, blogi);Lekarz;Dietetyk",4,4,4,Środek spożywczy uzupełniający dietę,Nie,Uszkodzenia nerek,Producent,Tak,Tak,Krótkie filmy edukacyjne;Infografiki;Posty na Instagramie/TikToku;Artykuły popularnonaukowe,Naukowe portale internetowe,"Umieszczenie wiedzy na jednym portalu, stronie www"
2026/03/22 11:25:49 am EET,Kobieta,>25,Psychologia,III,3–4 razy w tygodniu,Tak,Codziennie,3–12 miesięcy,Witamina D;Magnez;Witamina C;Kwasy omega-3;Probiotyki;Kreatyna;Białko,"Sporadycznie (np. gdy czuję, że „bierze mnie przeziębienie”).","Tak, zawsze analizuję składy pod kątem powtarzających się substancji.",Zrobiłem/am badania tylko w przypadku niektórych preparatów.,"Nie, nie konsultuję","Poprawa wyglądu (skóra, włosy, paznokcie);Zwiększenie energii;Poprawa koncentracji;Poprawa samopoczucia","Internet (artykuły, blogi);Farmaceuta",4,4,3,Środek spożywczy uzupełniający dietę,Tylko niektóre,Uszkodzenia nerek,Producent,Tak,Nie wiem,Krótkie filmy edukacyjne;Infografiki,Instytucje zdrowia publicznego,Nie wiem 
2026/04/01 10:14:58 pm EET,Kobieta,23–25,Psychologia,III,1–2 razy w tygodniu,Tak,Codziennie,>3 lat,Witamina D;Magnez;Kwasy omega-3,Nigdy – stosuję się ściśle do zaleceń.,"Tak, zawsze analizuję składy pod kątem powtarzających się substancji.","Nie, stosuję suplementy bez wykonywania wcześniejszych badań.",Dostałam zalecenie od lekarza specjalisty,"Wzmocnienie odporności;Poprawa wyglądu (skóra, włosy, paznokcie)","Internet (artykuły, blogi);Media społecznościowe;Lekarz;Farmaceuta",4,4,4,Środek spożywczy uzupełniający dietę,Nie wiem,Niedokrwistości,Nie wiem,Tak,Tak,Krótkie filmy edukacyjne;Konsultacje z farmaceutą;Posty na Instagramie/TikToku,Lekarz,Złe samopoczucie 
2026/04/01 9:22:59 pm EET,Kobieta,23–25,Psychologia,III,3–4 razy w tygodniu,Tak,Codziennie,1–3 lata,Witamina D;Magnez;Kwasy omega-3;Białko;Adaptogeny (np. ashwagandha),Nigdy – stosuję się ściśle do zaleceń.,"Tak, zawsze analizuję składy pod kątem powtarzających się substancji.","Nie, stosuję suplementy bez wykonywania wcześniejszych badań.","Nie, nie konsultuję","Poprawa zdrowia;Zapobieganie niedoborom;Wzmocnienie odporności;Poprawa wyglądu (skóra, włosy, paznokcie);Zwiększenie energii;Poprawa koncentracji;Poprawa samopoczucia","Internet (artykuły, blogi);Media społecznościowe",4,4,4,Środek spożywczy uzupełniający dietę,Tak,Nie wiem,Producent,Tak,Tak,Krótkie filmy edukacyjne;Infografiki;Posty na Instagramie/TikToku,Lekarz,- 
2026/04/02 5:50:44 pm EET,Kobieta,>25,Psychologia,IV,Rzadziej niż raz w tygodniu,Tak,Codziennie,1–3 lata,"Witamina D;Magnez;Witamina C;Kwasy omega-3;Probiotyki;Jod, cynk, Wit B complex, likopen, bromelia, olej z czarnuszki",Nigdy – stosuję się ściśle do zaleceń.,"Tak, zawsze analizuję składy pod kątem powtarzających się substancji.","Suplementy dobieram na podstawie własnych obserwacji (np. gorsze samopoczucie, wypadanie włosów).","Nie, nie konsultuję","Poprawa zdrowia;Zapobieganie niedoborom;Wzmocnienie odporności;Poprawa wyglądu (skóra, włosy, paznokcie);Zwiększenie energii;Poprawa koncentracji;Poprawa samopoczucia","Internet (artykuły, blogi);Lekarz;Dietetyk",3,3,3,Środek spożywczy uzupełniający dietę,Nie,Uszkodzenia nerek,Producent,Tak,Tak,Krótkie filmy edukacyjne;Infografiki;Artykuły popularnonaukowe,Naukowe portale internetowe,Łatwa dostępność do wiedzy i badań 
2026/04/08 10:31:58 AM EET,Kobieta,>25,Psychologia,II,3–4 razy w tygodniu,Tak,Kilka razy w tygodniu,1–3 lata,Witamina D;Magnez;Multiwitaminy;Kwasy omega-3;Probiotyki;Kreatyna;Białko,Nigdy – stosuję się ściśle do zaleceń.,"Tak, zawsze analizuję składy pod kątem powtarzających się substancji.","Tak, każdą suplementację konsultuję z wynikami badań","Tak, z lekarzem","Poprawa zdrowia;Zapobieganie niedoborom;Wzmocnienie odporności;Poprawa wyglądu (skóra, włosy, paznokcie);Zwiększenie energii;Poprawa koncentracji;Poprawa samopoczucia","Internet (artykuły, blogi)",4,3,3,Środek spożywczy uzupełniający dietę,Nie wiem,Nie wiem,Nie wiem,Tak,Tak,Konsultacje z farmaceutą,Dietetyk,Nie wiem 
2026/04/13 1:01:11 pm EET,Kobieta,>25,Psychologia,IV,3–4 razy w tygodniu,Tak,Codziennie,>3 lat,Witamina D;Magnez;Kwasy omega-3;Adaptogeny (np. ashwagandha),"Często – uważam, że standardowe dawki są zbyt niskie.","Tak, zawsze analizuję składy pod kątem powtarzających się substancji.","Tak, każdą suplementację konsultuję z wynikami badań","Nie, nie konsultuję",Zapobieganie niedoborom;Wzmocnienie odporności;Poprawa koncentracji;Poprawa samopoczucia,"Internet (artykuły, blogi)",3,3,4,Środek spożywczy uzupełniający dietę,Tak,Uszkodzenia nerek,Producent,Tak,Tak,Podcasty;Artykuły popularnonaukowe,Naukowe portale internetowe,Rzetelność 
2026/04/13 11:11:07 am EET,Kobieta,>25,Psychologia,IV,Rzadziej niż raz w tygodniu,Tak,Sporadycznie,< 3 miesięcy,Witamina D;Kwasy omega-3,"Często – uważam, że standardowe dawki są zbyt niskie.","Nie, nie sprawdzam tego.","Tak, każdą suplementację konsultuję z wynikami badań","Nie, nie konsultuję",Zapobieganie niedoborom,"Internet (artykuły, blogi)",1,1,1,Produkt leczniczy,Nie wiem,Nie wiem,Producent,Tak,Nie,Artykuły popularnonaukowe,Lekarz,Zdrowie
2026/04/13 11:15:40 am EET,Kobieta,>25,Psychologia,V,3–4 razy w tygodniu,Tak,Codziennie,>3 lat,Witamina D;Witamina C;Kwasy omega-3;Probiotyki,"Często – uważam, że standardowe dawki są zbyt niskie.","Tak, zawsze analizuję składy pod kątem powtarzających się substancji.","Tak, każdą suplementację konsultuję z wynikami badań","Tak, specjalista medycyny funkcjonalnej ",Poprawa zdrowia;Zapobieganie niedoborom;Wzmocnienie odporności,"Internet (artykuły, blogi)",5,5,5,Środek spożywczy uzupełniający dietę,Nie,Uszkodzenia nerek,Producent,Tak,Tak,Krótkie filmy edukacyjne;Podcasty;Artykuły popularnonaukowe,Lekarze medycyny funkcjonalnej,badam To sama od 13 lat
2026/04/13 11:27:53 am EET,Kobieta,23–25,Psychologia,IV,1–2 razy w tygodniu,Tak,Codziennie,>3 lat,Witamina D;Żelazo i Merz Spezial ,"Sporadycznie (np. gdy czuję, że „bierze mnie przeziębienie”).","Tak, zawsze analizuję składy pod kątem powtarzających się substancji.",Zrobiłem/am badania tylko w przypadku niektórych preparatów.,"Tak, z lekarzem","Poprawa zdrowia;Zapobieganie niedoborom;Wzmocnienie odporności;Poprawa wyglądu (skóra, włosy, paznokcie);Poprawa samopoczucia","Internet (artykuły, blogi);Media społecznościowe",4,5,5,Środek spożywczy uzupełniający dietę,Nie,Uszkodzenia nerek,Producent,Tak,Tak,Krótkie filmy edukacyjne;Podcasty;Artykuły popularnonaukowe,Instytucje zdrowia publicznego,"Już większej zachęty nie potrzebuję, mam niedoczynność tarczycy, insulinooporność, IBS oraz hiperlipidemię, wsparcie suplementami jest ważne w moim przypadku :) "
2026/04/16 11:59:46 am EET,Mężczyzna,>25,Psychologia,IV,5 lub więcej razy w tygodniu,Tak,Codziennie,>3 lat,Witamina D;Kwasy omega-3,Nigdy – stosuję się ściśle do zaleceń.,"Tak, zawsze analizuję składy pod kątem powtarzających się substancji.",Zrobiłem/am badania tylko w przypadku niektórych preparatów.,"Tak, z dietetykiem","Poprawa zdrowia;Zapobieganie niedoborom;Poprawa wyglądu (skóra, włosy, paznokcie)","Internet (artykuły, blogi);Lekarz;Dietetyk;Farmaceuta",4,4,4,Produkt leczniczy,Tak,Uszkodzenia nerek,Producent,Tak,Tak,Krótkie filmy edukacyjne;Warsztaty na uczelni;Konsultacje z farmaceutą,Lekarz,Reklamy ministerstwa zdrowia  informujące w tv o suplementacji 
2026/04/29 12:08:36 PM EET,Kobieta,23–25,Psychologia,IV,Rzadziej niż raz w tygodniu,Tak,Codziennie,3–12 miesięcy,Witamina D,Nigdy – stosuję się ściśle do zaleceń.,Stosuję tylko jeden preparat.,"Tak, każdą suplementację konsultuję z wynikami badań","Tak, z lekarzem",Poprawa zdrowia;Zapobieganie niedoborom,Lekarz,2,3,1,Środek spożywczy uzupełniający dietę,Tak,Nie wiem,Nie wiem,Nie wiem,Nie wiem,Od lekarza,Lekarz,Potrzeba
2026/05/04 08:53:31 PM EET,Kobieta,>25,Psychologia,IV,3–4 razy w tygodniu,Tak,Sporadycznie,>3 lat,Witamina D;Probiotyki,Nigdy – stosuję się ściśle do zaleceń.,Czasami zwracam na to uwagę,"Suplementy dobieram na podstawie własnych obserwacji (np. gorsze samopoczucie, wypadanie włosów).","Nie, nie konsultuję",Zapobieganie niedoborom;Wzmocnienie odporności,Lekarz;Znajomi/rodzina,5,4,4,Środek spożywczy uzupełniający dietę,Tak,Niedokrwistości,Producent,Tak,Nie,Krótkie filmy edukacyjne;Podcasty;Warsztaty na uczelni;Posty na Instagramie/TikToku,Naukowe portale internetowe,"Edukacja i szerzenie wiedzy poprzez projekty, warsztaty i zajęcia z zakresu biologii i nauk o człowieku "
2026/05/10 11:55:53 AM EET,Kobieta,>25,Psychologia,IV,3–4 razy w tygodniu,Nie,Sporadycznie,>3 lat,Witamina D;Magnez,Nigdy – stosuję się ściśle do zaleceń.,"Tak, zawsze analizuję składy pod kątem powtarzających się substancji.","Nie, stosuję suplementy bez wykonywania wcześniejszych badań.","Nie, nie konsultuję",Zapobieganie niedoborom,"Internet (artykuły, blogi)",4,5,4,Środek spożywczy uzupełniający dietę,Nie wiem,Nie wiem,Producent,Nie wiem,Nie,Artykuły popularnonaukowe,Naukowe portale internetowe,Interesujący wykład 
2026/05/12 1:14:29 pm EEST,Kobieta,23–25,Psychologia,IV,1–2 razy w tygodniu,Tak,Sporadycznie,3–12 miesięcy,Witamina D;Magnez;Witamina C;Multiwitaminy;Kwasy omega-3,Nigdy – stosuję się ściśle do zaleceń.,"Tak, zawsze analizuję składy pod kątem powtarzających się substancji.",Zrobiłem/am badania tylko w przypadku niektórych preparatów.,"Nie, nie konsultuję",Poprawa zdrowia;Zapobieganie niedoborom;Wzmocnienie odporności;Poprawa koncentracji;Poprawa samopoczucia,"Internet (artykuły, blogi);Media społecznościowe;Lekarz;Farmaceuta;Znajomi/rodzina",3,3,3,Środek spożywczy uzupełniający dietę,Nie wiem,Uszkodzenia nerek,Producent,Tak,Tak,Warsztaty na uczelni;Konsultacje z farmaceutą;Posty na Instagramie/TikToku,Naukowe portale internetowe,Nie wiem 
2026/05/12 5:19:49 pm EEST,Kobieta,>25,Psychologia,IV,1–2 razy w tygodniu,Tak,Codziennie,>3 lat,Witamina D;Magnez;Witamina C;Kwasy omega-3,Nigdy – stosuję się ściśle do zaleceń.,Stosuję tylko jeden preparat.,"Nie, stosuję suplementy bez wykonywania wcześniejszych badań.","Nie, nie konsultuję",Zapobieganie niedoborom;Wzmocnienie odporności;Poprawa samopoczucia,"Internet (artykuły, blogi);Farmaceuta",3,3,3,Środek spożywczy uzupełniający dietę,Nie,Brak skutków ubocznych,Producent,Tak,Tak,Artykuły popularnonaukowe,Naukowe portale internetowe,Nie wiem 
2026/03/30 09:49:30 PM EET,Kobieta,>25,Psychologia,IV,Rzadziej niż raz w tygodniu,Nie,Sporadycznie,< 3 miesięcy,Witamina D;Witamina C;Kwasy omega-3,Nigdy – stosuję się ściśle do zaleceń.,"Nie, nie sprawdzam tego.",Zrobiłem/am badania tylko w przypadku niektórych preparatów.,"Nie, nie konsultuję",Wzmocnienie odporności;Poprawa koncentracji,Lekarz,1,1,1,Nie wiem,Nie wiem,Nie wiem,Nie wiem,Tak,Tylko minerały,Infografiki;Posty na Instagramie/TikToku,Lekarz,Raczej nic
2026/03/17 11:14:11 pm EET,Kobieta,23–25,Psychologia kliniczna ,IV,1–2 razy w tygodniu,Tak,Codziennie,>3 lat,"Witamina D;Żelazo, ale jest to zarejestrowane jako lek, nie suplement (Ascofer), oraz ,,Merz Spezial”",Nigdy – stosuję się ściśle do zaleceń.,"Tak, zawsze analizuję składy pod kątem powtarzających się substancji.",Zrobiłem/am badania tylko w przypadku niektórych preparatów.,"Tak, z lekarzem","Poprawa zdrowia;Zapobieganie niedoborom;Poprawa wyglądu (skóra, włosy, paznokcie)","Internet (artykuły, blogi);Lekarz",3,4,5,Środek spożywczy uzupełniający dietę,Nie,Uszkodzenia nerek,Producent,Tak,Tak,Infografiki;Podcasty;Posty na Instagramie/TikToku;Artykuły popularnonaukowe,Instytucje zdrowia publicznego,"W moim przypadku są to moje choroby, niedoczynność tarczycy, insulinooporność, hiperlipidemia. "
2026/04/02 1:10:50 am EET,Kobieta,>25,Psychologia kliniczna i psychoterapia,I,1–2 razy w tygodniu,Tak,Codziennie,3–12 miesięcy,Witamina D;Witamina C;Kwasy omega-3;Adaptogeny (np. ashwagandha),Nigdy – stosuję się ściśle do zaleceń.,"Tak, zawsze analizuję składy pod kątem powtarzających się substancji.","Tak, każdą suplementację konsultuję z wynikami badań","Tak, z lekarzem","Poprawa zdrowia;Zapobieganie niedoborom;Wzmocnienie odporności;Poprawa wyglądu (skóra, włosy, paznokcie);Zwiększenie energii;Poprawa koncentracji;Poprawa samopoczucia","Internet (artykuły, blogi);Media społecznościowe;Lekarz;Dietetyk",2,4,2,Środek spożywczy uzupełniający dietę,Nie wiem,Nie wiem,Nie wiem,Nie wiem,Nie wiem,Krótkie filmy edukacyjne;Infografiki;Podcasty;Warsztaty na uczelni,Lekarz,"Warsztaty oparte na rzetelnej wiedzy, badaniach przeprowadzone przez kompetentna osobe , ktora potrafi przekazac wiedze w przystepny sposob, oraz mozliwosc konsultacji, doboru suplementow i regularne monitorowanie wynikow."
2026/05/14 06:12:28 PM EET,Kobieta,23–25,Psychologia kliniczna i psychoterapia,IV,1–2 razy w tygodniu,Tak,Codziennie,< 3 miesięcy,Witamina D;Magnez;Witamina C;Multiwitaminy;Kwasy omega-3;Probiotyki,"Często – uważam, że standardowe dawki są zbyt niskie.",Czasami zwracam na to uwagę,"Nie, stosuję suplementy bez wykonywania wcześniejszych badań.","Tak, z lekarzem","Poprawa zdrowia;Zapobieganie niedoborom;Wzmocnienie odporności;Poprawa wyglądu (skóra, włosy, paznokcie);Zwiększenie energii;Poprawa koncentracji;Poprawa samopoczucia","Internet (artykuły, blogi);Lekarz;Znajomi/rodzina",3,2,1,Środek spożywczy uzupełniający dietę,Tak,Nie wiem,Producent,Nie wiem,Tak,Krótkie filmy edukacyjne;Posty na Instagramie/TikToku,Lekarz,Filmiki w internecie
2026/05/12 3:55:51 pm EEST,Kobieta,>25,"Psychologia, Prawo",IV,Rzadziej niż raz w tygodniu,Tak,Codziennie,3–12 miesięcy,"Witamina D;Maślan sodu, kompleks witamin z grupy B",Nigdy – stosuję się ściśle do zaleceń.,"Tak, zawsze analizuję składy pod kątem powtarzających się substancji.","Tak, każdą suplementację konsultuję z wynikami badań","Tak, z lekarzem","Poprawa zdrowia;Zapobieganie niedoborom;Poprawa wyglądu (skóra, włosy, paznokcie);Zwiększenie energii","Internet (artykuły, blogi);Lekarz;Farmaceuta;Literatura",3,3,4,Środek spożywczy uzupełniający dietę,Nie,Uszkodzenia nerek,Producent,Tak,Tak,Infografiki;Konsultacje z farmaceutą;Artykuły popularnonaukowe,Lekarz,"Nie wiem, nic. "
